OrganizadorID,Organizador,VentasAjustadas,EgresosAjustados,MargenAjustado
3357,Carbajal de Alonso,9467.33,0.0,9467.33
3213,Duarte y Ureña SA,7017.08,0.0,7017.08
3516,Asociación Toro,6966.91,0.0,6966.91
2282,Air Nevárez SA,6941.39,0.0,6941.39
2652,Gálvez y Palomino y Flia.,6344.67,0.0,6344.67
2669,Gestora Jaimes SRL,8696.68,2866.66,5830.02
3794,"Aparicio, Puig y Menéndez e Hija",5660.34,0.0,5660.34
2554,Prado-Hurtado y Asoc.,5630.44,0.0,5630.44
2877,Pulido y Morales y Asoc.,5897.11,320.67,5576.44
275,Asociación Cárdenas,5512.23,0.0,5512.23
508,Global Herrero-Archuleta,5477.17,0.0,5477.17
2191,Viajes Zaragoza-Gallardo,5442.12,0.0,5442.12
2097,Grupo Palomo-Zepeda,5298.37,0.0,5298.37
4559,Fuentes de Leiva,5280.59,0.0,5280.59
4108,Puga de Cárdenas y Flia.,5156.46,0.0,5156.46
3154,Perales y Galán,5133.92,0.0,5133.92
1841,Viera de Rodríquez SRL,5117.27,0.0,5117.27
1146,Lara de Pereira,5077.14,0.0,5077.14
1310,Global Galán,5071.16,0.0,5071.16
4996,Viajes Cantú-Lorenzo,5065.21,0.0,5065.21
2968,Cadena-Garrido e Hijos,5040.32,0.0,5040.32
2259,Perales y Más y Flia.,5034.66,0.0,5034.66
4963,Asociación Saucedo,5624.35,615.71,5008.64
3668,Carbonell de Almaráz,4982.07,0.0,4982.07
843,Laureano y Más e Hijos,4877.17,0.0,4877.17
4029,Viajes Álvarez,5058.73,196.16,4862.57
86,Grupo Puga y Flia.,4833.94,0.0,4833.94
814,Barrientos de Cotto y Asoc.,4823.87,0.0,4823.87
1981,Rentería-Aguilar SRL,4768.86,0.0,4768.86
4522,Global Dueñas S. de H.,4760.59,0.0,4760.59
2455,Alfaro y Parra,4707.7,0.0,4707.7
173,Anaya-Ornelas,5146.97,454.8,4692.17
3256,Ontiveros y Barragán,4691.94,0.0,4691.94
320,Rey de Rubio SRL,4680.57,0.0,4680.57
1334,Chavarría y Serra SA,4636.7,0.0,4636.7
1285,Armenta de Rodarte y Flia.,4625.22,0.0,4625.22
2189,Olivera y Aranda,4605.87,0.0,4605.87
3914,"Menéndez, Cuesta y Gurule e Hija",4602.59,0.0,4602.59
3475,Global Osorio-Asensio,4598.47,0.0,4598.47
2930,Empresa Cepeda e Hija,4577.02,0.0,4577.02
3618,Cuenca de Melgar,4574.37,0.0,4574.37
977,Corporación Franco-Robledo,5317.34,745.35,4571.99
4168,Silva y Grijalva,4758.22,203.41,4554.81
3446,Asociación Galarza-Salcido,4547.05,0.0,4547.05
4769,Villarreal de Esteban,4537.0,0.0,4537.0
1241,Grupo Hernándes,4532.06,0.0,4532.06
3344,Pagan de Millán SA,4490.98,0.0,4490.98
3833,Sevilla y Berríos e Hijo,4472.78,0.0,4472.78
1052,Empresa Toro-Marroquín,4452.89,0.0,4452.89
3115,Guajardo de Abeyta,4785.46,343.19,4442.27
4492,Asociación Feliciano,4372.5,0.0,4372.5
2193,Cortez-Zaragoza,4366.87,0.0,4366.87
2280,Griego y Rubio e Hijos,4345.19,0.0,4345.19
3811,Centro Benavídez,4340.52,0.0,4340.52
2971,Pascual-Olivera,4323.2,0.0,4323.2
3036,"Betancourt, Rael y Quiroz SRL",5050.85,744.63,4306.22
2075,Gestora Ibáñez SRL,4302.41,0.0,4302.41
968,Cadena y Araña S. de H.,4649.74,383.95,4265.79
3196,"Anguiano, Pichardo y Chapa e Hija",5136.68,882.4,4254.28
3082,Global Aponte,4251.13,0.0,4251.13
4624,Salazar y Palacios y Flia.,4247.84,0.0,4247.84
3259,Regalado-Aguilar,4246.66,0.0,4246.66
4847,Nevárez de Vela,4244.0,0.0,4244.0
1456,Air Menéndez-Olivas,4207.55,0.0,4207.55
2788,Ontiveros y Jaramillo e Hija,4179.38,0.0,4179.38
3199,Asociación Alba-Archuleta,4112.54,0.0,4112.54
4392,Covarrubias y Armendáriz,4111.7,0.0,4111.7
2580,Global Briones,4064.13,0.0,4064.13
4577,Tirado de Ordóñez y Flia.,4040.57,0.0,4040.57
3942,"Borrego, Zambrano y Becerra y Flia.",4037.87,0.0,4037.87
3010,Mercado-Guardado,4216.26,180.15,4036.11
1164,Empresa Casanova,4033.47,0.0,4033.47
3837,"Tamayo, Llamas y Saiz e Hijo",4026.55,0.0,4026.55
4727,Asociación Herrera-Aragón,4005.86,0.0,4005.86
904,Rosario y Solorzano y Flia.,3979.49,0.0,3979.49
1657,Centro Alemán,3964.53,0.0,3964.53
3469,Grupo Chavarría,3963.87,0.0,3963.87
4901,"Leiva, Gaytán y Romero e Hijos",3947.92,0.0,3947.92
1936,Rodrigo-Tafoya e Hija,4074.19,136.11,3938.08
4028,Air Guajardo-Montenegro,3927.22,0.0,3927.22
1439,Ruíz de Tapia y Flia.,3920.62,0.0,3920.62
3916,"Chávez, Alejandro y Delagarza SRL",3893.98,0.0,3893.98
3921,Sola y Noriega y Asoc.,3882.98,0.0,3882.98
4822,Viajes Bonilla-Gálvez,3869.11,0.0,3869.11
2862,Batista y Delgado S. de H.,3868.49,0.0,3868.49
84,Yáñez-Blázquez,3855.67,0.0,3855.67
3669,Vila-Sisneros SA,4219.45,363.8,3855.65
4639,Granado y Valles,3894.61,39.8,3854.81
4462,Centro Ponce-Rubio,3849.47,0.0,3849.47
468,Loera de Reyna,3836.03,0.0,3836.03
4883,Palomo de Mateo,3834.08,0.0,3834.08
2275,Carrasquillo-Munguía,3821.14,0.0,3821.14
791,Muro y Banda,3814.42,0.0,3814.42
4623,Calderón-Parra,3802.97,0.0,3802.97
3807,Global Rojo-Terán,3801.82,0.0,3801.82
3192,Corporación Carbajal-Amador,3789.48,0.0,3789.48
659,Farías-Avilés e Hijos,3784.98,0.0,3784.98
461,Global Villalba S. de H.,3774.17,0.0,3774.17
743,Cuevas-Cotto y Flia.,3774.03,0.0,3774.03
842,Asociación Castellanos y Asoc.,3766.33,0.0,3766.33
3118,Ponce y Córdoba e Hijo,3750.78,0.0,3750.78
1693,Valles y Galván e Hija,3736.76,0.0,3736.76
2988,Centro Raya-Brito,3734.26,0.0,3734.26
1986,"Avilés, Ochoa y Calero SRL",3725.95,0.0,3725.95
3124,Global Negrón-Ruvalcaba,3725.25,0.0,3725.25
254,Espino de Ramírez e Hija,3722.28,0.0,3722.28
2238,Montalvo de Carrasquillo e Hijo,3708.85,0.0,3708.85
4174,Ávila de Rendón,3704.37,0.0,3704.37
2330,Asociación Garica SRL,3703.57,0.0,3703.57
4687,Galván de Cervantes y Asoc.,3697.56,0.0,3697.56
3204,Jaime y Otero e Hijos,3694.1,0.0,3694.1
1184,Asociación Padrón S. de H.,3692.32,0.0,3692.32
3924,"Vidal, Palacios y Domingo SRL",3685.35,0.0,3685.35
2379,Grupo Ramón y Asoc.,3671.41,0.0,3671.41
4252,"Alfonso, Granado y Ocampo e Hijos",3665.08,0.0,3665.08
2570,Córdova y Armas,3648.42,0.0,3648.42
719,Jáquez de Reséndez,4301.92,660.14,3641.78
2590,"Reynoso, Valdés y Arroyo e Hijos",3638.46,0.0,3638.46
2065,Aguado y Naranjo,3635.62,0.0,3635.62
4983,Mateos de Posada,3632.66,0.0,3632.66
4166,Villalobos y Quiñones,3629.86,0.0,3629.86
731,"Sisneros, Godínez y Vicente y Flia.",3606.59,0.0,3606.59
4787,Viajes Guerrero e Hija,3597.13,0.0,3597.13
2485,Gestora Fernández,3592.61,0.0,3592.61
2048,Lugo-Villaseñor y Flia.,3587.19,0.0,3587.19
2110,Berríos de Bañuelos e Hijo,5386.35,1813.67,3572.68
3979,Maestas de Casanova,3566.52,0.0,3566.52
3780,Vila y Gimeno e Hijo,3555.31,0.0,3555.31
1169,Gestora Terrazas-Montero,3552.3,0.0,3552.3
606,Viajes Maldonado e Hija,3545.23,0.0,3545.23
2974,Asociación Arenas,3541.33,0.0,3541.33
812,Verdugo de Godoy y Asoc.,3539.97,0.0,3539.97
4069,Merino de Velasco,3536.16,0.0,3536.16
1116,Bermúdez-Campos,4989.1,1461.91,3527.19
2614,Benítez de Alemán y Flia.,4037.3,515.87,3521.43
1512,Tafoya de Angulo e Hijo,3519.64,0.0,3519.64
993,Gestora Calderón-Simón,3512.89,0.0,3512.89
1880,Díez y Vigil e Hijo,4811.55,1312.26,3499.29
4124,Global Riojas S. de H.,3498.35,0.0,3498.35
1743,"Casares, Rojas y Delagarza y Asoc.",3496.46,0.0,3496.46
88,Viajes Curiel,3493.59,0.0,3493.59
4263,"Hernández, Martínez y Duran e Hijos",3486.61,0.0,3486.61
1941,Robledo y Leyva,7066.64,3587.83,3478.81
4290,Serrano y Loya e Hijos,4026.88,552.28,3474.6
1490,Asociación Cedillo,4091.42,621.47,3469.95
1065,Grupo Ureña-Orellana,3528.27,59.8,3468.47
2132,Arriaga-Ferrer,4607.94,1139.95,3467.99
2166,"Palacios, Velásquez y Valles e Hija",3462.6,0.0,3462.6
4013,Tamez de Cabán y Asoc.,3458.2,0.0,3458.2
616,Orozco-Lugo,3454.58,0.0,3454.58
1570,Rosa y Barragán e Hijos,3449.65,0.0,3449.65
380,Cordero de Avilés,3435.12,0.0,3435.12
3981,Núñez-Verduzco e Hija,3431.92,0.0,3431.92
4112,Posada-Muñiz,3427.25,0.0,3427.25
2730,Delafuente-Carrasquillo,4440.4,1014.93,3425.47
4628,Lorenzo-Bahena S. de H.,3461.32,35.88,3425.44
1360,Oliva de Tafoya e Hijos,3419.67,0.0,3419.67
1139,Contreras y Parra SA,3853.31,434.2,3419.11
23,Lorenzo y Olivas S. de H.,3410.36,0.0,3410.36
4019,Bermúdez-Colunga,3406.01,0.0,3406.01
4260,Vigil-Lorenzo e Hijos,3788.07,384.22,3403.85
1640,Mojica-Morán,3403.04,0.0,3403.04
1342,"Pagan, Herrera y Benavídez SA",3549.7,148.12,3401.58
1552,Roque-Roybal y Flia.,3396.48,0.0,3396.48
93,Viajes Conde,3385.89,0.0,3385.89
2789,Palomo de Correa,3379.09,0.0,3379.09
4673,Corporación Román,3376.13,0.0,3376.13
2109,Carrasco-Meléndez,3362.24,0.0,3362.24
3640,Tirado-Arreola,4487.12,1127.82,3359.3
3883,Asociación Lozano-Del Río,3356.09,0.0,3356.09
4703,"Bautista, Carrero y Cadena SRL",3345.17,0.0,3345.17
2691,Alarcón-Ulloa,3332.85,0.0,3332.85
2584,Global Alemán-Manzano,3325.84,0.0,3325.84
1525,Alfonso-Corral,3322.92,0.0,3322.92
315,Linares y Mena,4612.67,1291.21,3321.46
2496,Lozano y Bautista,3311.95,0.0,3311.95
611,Valle y Castro,3305.9,0.0,3305.9
422,Gestora Espinal-Tirado,3305.2,0.0,3305.2
924,Cavazos y Madrid,3304.92,0.0,3304.92
2987,Lerma y Alanis,3304.42,0.0,3304.42
2281,Arteaga-Fuentes,3280.91,0.0,3280.91
3352,Pabón-Muñoz y Asoc.,3279.35,0.0,3279.35
3163,Gestora Nevárez SRL,3524.87,247.51,3277.36
372,Cabán de Benito e Hija,3270.69,0.0,3270.69
1015,Gestora Ordoñez y Asoc.,3267.59,0.0,3267.59
2979,Aguayo-Ceballos y Flia.,3265.44,0.0,3265.44
3996,Global Benítez,3257.95,0.0,3257.95
3252,Robledo y Abreu S. de H.,3257.35,0.0,3257.35
1610,"Vigil, Ceballos y Gámez S. de H.",3250.71,0.0,3250.71
3825,Sauceda-Tijerina y Flia.,3245.19,0.0,3245.19
4475,Corporación Verdugo S. de H.,4405.75,1167.58,3238.17
2473,Corrales y Rodarte e Hijo,3238.15,0.0,3238.15
4131,Aguado-Domingo,4738.74,1502.92,3235.82
699,Gestora Fuentes-Estrada,3234.87,0.0,3234.87
3435,Miranda y Villar SA,5150.48,1917.21,3233.27
2804,"Lucas, Perea y Acuña S. de H.",3230.92,0.0,3230.92
4953,Henríquez y Alba S. de H.,3223.79,0.0,3223.79
3159,Lemus-Cervántez,3192.54,0.0,3192.54
3290,Escamilla-Vega,3182.18,0.0,3182.18
2437,Salcedo de Becerra,3168.58,0.0,3168.58
285,Air Pizarro y Flia.,3163.09,0.0,3163.09
2354,Castillo-Galarza,3330.31,168.57,3161.74
3636,Patiño y Herrero SRL,3156.28,0.0,3156.28
1547,Casanova de Matos SRL,3148.22,0.0,3148.22
921,"Aguayo, Castaño y Esparza SRL",3143.9,0.0,3143.9
4751,De la Cruz y Zamora y Flia.,3950.5,807.45,3143.05
291,Santana-Haro y Asoc.,3693.98,553.25,3140.73
2089,Arteaga-Asensio SRL,3792.6,662.52,3130.08
4718,Reina-Lázaro y Asoc.,3125.16,0.0,3125.16
1258,Viajes Puente-Torres,3111.67,0.0,3111.67
4873,Gestora Noriega y Asoc.,4537.66,1431.13,3106.53
151,Air Marcos-Arreola,6082.41,2977.68,3104.73
3875,Correa-Escudero y Asoc.,3088.12,0.0,3088.12
105,Rosario de Chávez,3087.3,0.0,3087.3
4972,"Piñeiro, Casárez y Vanegas S. de H.",3081.24,0.0,3081.24
610,Barrios y Malave,3842.68,762.83,3079.85
767,Barrios y Maldonado y Flia.,4576.7,1501.99,3074.71
3208,Bernal-Concepción e Hijo,4588.44,1514.25,3074.19
1542,"Marrero, Ureña y Muro e Hijo",3073.43,0.0,3073.43
2884,Chavarría y Mares e Hijo,4624.0,1555.26,3068.74
3022,Navas y Puig,3067.5,0.0,3067.5
3507,Air Ozuna,4362.29,1300.44,3061.85
4077,Ocasio y Varela,3059.96,0.0,3059.96
1812,Ontiveros de Carrasco S. de H.,3051.06,0.0,3051.06
4266,"Abreu, Ocasio y Rolón e Hijo",3048.5,0.0,3048.5
1290,Centro Grijalva y Flia.,3037.82,0.0,3037.82
689,Grupo Anaya-González,3035.39,0.0,3035.39
176,Gestora Menéndez-Rojas,3035.07,0.0,3035.07
2719,"Heredia, Sola y Caldera SRL",3029.16,0.0,3029.16
3638,"Sedillo, Archuleta y Ozuna y Flia.",3020.98,0.0,3020.98
1903,Román de Ojeda,3015.77,0.0,3015.77
888,Caldera de Anguiano,3014.42,0.0,3014.42
1736,"Alejandro, Viera y Cabello y Asoc.",3011.11,0.0,3011.11
612,Correa-Razo,3000.55,0.0,3000.55
4648,Rentería-Patiño SRL,2999.77,0.0,2999.77
3673,Requena-Galván y Flia.,2999.7,0.0,2999.7
2668,Reynoso-Villaseñor,4478.27,1480.39,2997.88
1073,Sosa de Robles e Hija,2989.17,0.0,2989.17
2286,Mercado-Marroquín,2980.3,0.0,2980.3
448,Arias-Garibay,2976.24,0.0,2976.24
57,Miramontes y Alvarado,2974.34,0.0,2974.34
3132,Aguilera de Más SRL,2973.7,0.0,2973.7
3402,Delatorre y Espinosa y Flia.,2967.86,0.0,2967.86
2197,Asociación Macías-Coronado,3249.25,283.65,2965.6
1741,Corporación Pantoja y Flia.,2961.05,0.0,2961.05
297,Fonseca de Bustamante S. de H.,2959.08,0.0,2959.08
1294,Mayorga de Jaramillo,2950.87,0.0,2950.87
2413,Olivares y Martínez S. de H.,2949.12,0.0,2949.12
3922,Rolón-Jaimes e Hijos,2944.41,0.0,2944.41
53,Ramón de Domingo y Flia.,2939.33,0.0,2939.33
4584,Vigil de Lemus S. de H.,2937.97,0.0,2937.97
711,Empresa Girón-Sisneros,2936.37,0.0,2936.37
2481,Herrero y Espino e Hija,2936.13,0.0,2936.13
2456,"Marrero, Rivas y Arriaga e Hijos",2930.22,0.0,2930.22
1859,"Crespo, Casillas y Farías e Hijos",2926.53,0.0,2926.53
1368,Rincón de Barragán,2923.3,0.0,2923.3
3696,Global Coronado y Flia.,2921.65,0.0,2921.65
1938,Asociación Arellano,4223.3,1306.96,2916.34
768,Olvera-Blasco,2914.97,0.0,2914.97
1137,Reyes-Morán SRL,3030.71,116.84,2913.87
1820,Air Segovia,2910.29,0.0,2910.29
2844,Bernal de Acosta y Flia.,2908.47,0.0,2908.47
959,Global Mares,2907.53,0.0,2907.53
4685,Canales de Delatorre,2906.9,0.0,2906.9
2809,Viajes Barrios-Collado,2903.67,0.0,2903.67
643,Grupo Martí,2902.89,0.0,2902.89
4803,Sosa de Rentería,4182.03,1280.88,2901.15
2865,Soria-Deleón SA,2896.98,0.0,2896.98
3020,Abeyta y Segovia,2889.59,0.0,2889.59
939,Guerra de Polanco SA,2885.83,0.0,2885.83
918,Ruvalcaba de De Anda,2882.33,0.0,2882.33
1770,Olivárez de Salinas e Hijo,2874.38,0.0,2874.38
1748,González-Del Río,2871.59,0.0,2871.59
2373,Vicente y Gámez,2869.31,0.0,2869.31
4678,Grupo Rosas SA,3643.88,774.81,2869.07
4170,Espino y Herrero y Flia.,2868.26,0.0,2868.26
1801,Sanz de Alejandro e Hija,3821.5,968.14,2853.36
4272,"Espinosa, Pozo y Marín S. de H.",2847.77,0.0,2847.77
1333,Grupo Guardado SRL,2860.34,13.6,2846.74
3782,Global Melgar,2840.19,0.0,2840.19
2036,Asociación Pons-Ortega,2837.11,0.0,2837.11
2546,Viajes Bañuelos,2836.96,0.0,2836.96
1276,Riojas y Rodarte SRL,3998.77,1162.65,2836.12
3160,Casado-Juárez y Asoc.,3581.17,748.14,2833.03
3982,"De Anda, Adorno y Escobedo SA",2831.17,0.0,2831.17
4158,Ledesma-Osorio,2825.26,0.0,2825.26
4912,Asociación Herrera-Salgado,2821.92,0.0,2821.92
4688,"Valentín, Lebrón y Laboy e Hijos",3820.3,1001.03,2819.27
2336,Cervántez-Santiago,2819.08,0.0,2819.08
4400,Fernández y Baeza e Hija,2818.49,0.0,2818.49
3714,Carballo de Portillo,2817.54,0.0,2817.54
4606,Viajes Tamez,2816.69,0.0,2816.69
2820,Mendoza-Sepúlveda y Asoc.,2812.19,0.0,2812.19
3570,Global Santana e Hija,3859.11,1048.52,2810.59
3920,Ulibarri de Riojas,2808.67,0.0,2808.67
654,Ruiz y Cotto,2805.08,0.0,2805.08
3009,Grupo Granados-Hernándes,2801.83,0.0,2801.83
763,Grupo Espinoza SA,2789.54,0.0,2789.54
2511,"Casas, Jaramillo y Piñeiro S. de H.",2787.86,0.0,2787.86
3016,Global Arreola,2787.43,0.0,2787.43
1933,Air Saldaña S. de H.,2780.52,0.0,2780.52
4130,Galindo-Prado e Hijo,2775.25,0.0,2775.25
1668,Altamirano-Urías,2774.94,0.0,2774.94
4929,Viajes Montemayor,4966.05,2201.57,2764.48
1171,Gestora Niño,2764.45,0.0,2764.45
753,Empresa Cornejo,2762.53,0.0,2762.53
158,Huerta de Huerta,2760.47,0.0,2760.47
3756,Alcala de Vanegas SRL,2760.35,0.0,2760.35
3392,Alva y Corrales e Hija,2759.82,0.0,2759.82
2776,Calvillo de Orellana SRL,2758.87,0.0,2758.87
1771,Hinojosa-Linares,2757.36,0.0,2757.36
1577,Gestora Apodaca-Cordero,2753.76,0.0,2753.76
1672,Rincón de Venegas,2753.34,0.0,2753.34
441,Guajardo de Esquivel,2747.88,0.0,2747.88
4489,Ocampo-Madrigal,2747.88,0.0,2747.88
2464,"Paredes, Olivárez y Aparicio e Hija",2744.65,0.0,2744.65
2787,Cobo y Román e Hijos,2742.25,0.0,2742.25
809,Regalado de Lorente y Flia.,2736.62,0.0,2736.62
2212,Sanz-Puig e Hijos,4522.3,1787.53,2734.77
1275,"Villareal, Archuleta y Cabrera S. de H.",3229.76,506.27,2723.49
1869,Rascón y Peres,2720.37,0.0,2720.37
3889,Air Menchaca-Flórez,2714.38,0.0,2714.38
3096,Rosales de Guzmán,4295.39,1581.16,2714.23
4149,Empresa Jiménez-Banda,2714.15,0.0,2714.15
519,Ponce y Benito e Hijos,4146.28,1432.68,2713.6
2807,Alva-Quiñónez,2869.13,165.94,2703.19
2327,Cornejo-Frías y Asoc.,2700.23,0.0,2700.23
1324,"Esteve, Rentería y Delagarza SA",3729.03,1029.02,2700.01
3400,Jáquez y Rincón,2699.84,0.0,2699.84
4672,Asociación Arenas e Hijo,2699.41,0.0,2699.41
3588,Gestora Jimínez,2699.21,0.0,2699.21
2907,Ozuna-Román,2698.84,0.0,2698.84
4325,Corporación Carranza,2698.47,0.0,2698.47
1533,Domenech-Pineda,4201.16,1510.83,2690.33
1302,Salcedo de Trujillo,2688.07,0.0,2688.07
833,Air Patiño e Hijos,2683.7,0.0,2683.7
13,Mesa de Partida,2681.42,0.0,2681.42
3882,Salazar de Castillo,2681.29,0.0,2681.29
4772,"Limón, Medrano y Galarza e Hijo",2680.86,0.0,2680.86
2760,Air Gálvez,4507.9,1827.1,2680.8
2866,Yáñez y Batista,2679.57,0.0,2679.57
745,Osorio-Badillo,3889.42,1214.52,2674.9
439,Pabón-Ornelas,2667.64,0.0,2667.64
2055,Bahena de Cruz y Asoc.,3516.94,851.72,2665.22
1318,Gallego-Reina e Hija,2659.11,0.0,2659.11
3062,Salcido y Téllez,3791.85,1136.28,2655.57
989,Naranjo-Meraz,2655.24,0.0,2655.24
2690,Viajes Brito e Hijos,2654.01,0.0,2654.01
4962,Negrón y Chapa S. de H.,2648.43,0.0,2648.43
940,Salcido-Dávila,2646.0,0.0,2646.0
1774,Viajes Estévez-Quintanilla,2628.55,0.0,2628.55
4646,Saucedo de Bueno,3029.53,405.11,2624.42
4359,Escalante-Calvo,2620.46,0.0,2620.46
4602,"Rodrigo, Pineda y Samaniego e Hijo",2612.39,0.0,2612.39
3077,"Jasso, Apodaca y Delao e Hija",2894.47,285.05,2609.42
4045,Global Méndez-Ros,2606.0,0.0,2606.0
4106,Luján y Cortés e Hijo,2602.43,0.0,2602.43
1524,Galán y Cuesta e Hijo,2602.12,0.0,2602.12
4094,Aguayo y Zúñiga,2598.93,0.0,2598.93
2444,Llorente de Vera y Asoc.,2593.95,0.0,2593.95
3107,Pereira y Chacón,2593.52,0.0,2593.52
3820,Asociación Valencia-Meraz,2586.87,0.0,2586.87
4097,Vila de Vega,3228.31,646.6,2581.71
3443,Altamirano-Rascón y Asoc.,2580.9,0.0,2580.9
4683,Agosto-Casillas S. de H.,2577.23,0.0,2577.23
143,Lugo y Navas S. de H.,2573.95,0.0,2573.95
2143,Viajes Aguilar SRL,2569.01,0.0,2569.01
4885,Global Alcántar y Flia.,2568.05,0.0,2568.05
4662,Miranda-Medrano SRL,2566.76,0.0,2566.76
1411,Martínez y Gracia SRL,3304.47,739.27,2565.2
808,Carranza-Anaya e Hijo,2836.85,271.73,2565.12
854,Air Reyes,2561.26,0.0,2561.26
4167,Ortíz-Barrios,2560.62,0.0,2560.62
1345,Pulido de Plaza,2556.63,0.0,2556.63
1041,Centro Delagarza y Asoc.,3094.03,539.4,2554.63
2916,Alfaro y Aguilar,2548.81,0.0,2548.81
1731,Espinal y Villalba y Flia.,2548.42,0.0,2548.42
51,Global Peláez SRL,2546.57,0.0,2546.57
3152,Estévez-Noriega,4338.84,1795.06,2543.78
133,Rubio de Rodarte,2540.59,0.0,2540.59
2670,Alfonso y Orta S. de H.,3126.43,589.28,2537.15
1352,Corporación Blasco,4999.4,2462.99,2536.41
4536,Cuesta y Riera,2534.2,0.0,2534.2
4789,Mejía-Berríos S. de H.,2534.2,0.0,2534.2
1679,"Aguilera, Andrés y Adorno S. de H.",3107.58,574.97,2532.61
1788,Montañez y Caldera,2532.42,0.0,2532.42
673,Jaime-Lara e Hijo,2531.86,0.0,2531.86
943,Centro Manzano,2530.3,0.0,2530.3
2945,Centeno de Granado SRL,2527.37,0.0,2527.37
1908,Delagarza y Jaramillo y Flia.,2750.88,224.94,2525.94
1655,Serra-Miguel,4583.66,2060.23,2523.43
3087,Salazar-Frías,2518.23,0.0,2518.23
2104,Air Gaytán-Ojeda,3772.94,1255.45,2517.49
216,Atencio-Espino SA,3354.9,838.47,2516.43
3489,Grupo Vera e Hijos,2514.73,0.0,2514.73
3395,"Madrid, Arroyo y Valenzuela e Hijos",2514.16,0.0,2514.16
1773,"Armenta, Figueroa y Becerra y Flia.",2511.67,0.0,2511.67
2944,Global Venegas-Barragán,2511.43,0.0,2511.43
3795,Delrío y Monroy,2511.08,0.0,2511.08
4473,Rodrigo-Román,2508.94,0.0,2508.94
3737,Gestora Garibay-Rodrigo,2504.2,0.0,2504.2
2279,Cobo-Ponce,2503.92,0.0,2503.92
4327,Marcos de Barela,3898.34,1396.7,2501.64
3528,Longoria-Borrego,2501.45,0.0,2501.45
1515,Ocasio-Barajas e Hijos,2499.74,0.0,2499.74
2721,Viajes Sedillo-Ozuna,2497.69,0.0,2497.69
1019,Centro Murillo,2496.4,0.0,2496.4
4214,Cantú-Gamboa,2490.65,0.0,2490.65
2003,Saldaña-Guerra,3339.62,853.21,2486.41
4921,Viajes Escobedo y Asoc.,4206.39,1722.23,2484.16
549,Air Gonzáles y Asoc.,2480.26,0.0,2480.26
665,Peralta y Oquendo e Hijos,2480.13,0.0,2480.13
3310,"Zarate, Castañeda y Marín S. de H.",2475.57,0.0,2475.57
1555,Partida y Galán,2475.07,0.0,2475.07
2179,Gestora Montez e Hijos,2468.47,0.0,2468.47
1852,González y Rojo,3548.44,1080.8,2467.64
1425,Global Portillo,2866.55,400.41,2466.14
4365,"Brito, Angulo y Longoria y Flia.",2458.91,0.0,2458.91
424,Díaz-Orozco,2458.55,0.0,2458.55
2393,Jasso-Quintanilla e Hija,3124.85,668.3,2456.55
2265,Moya y Huerta y Flia.,2606.33,150.04,2456.29
4729,Limón y Naranjo,2884.09,438.88,2445.21
269,Empresa Villalobos-Tórrez,2469.3,26.35,2442.95
3801,Centro Valles-Delacrúz,3403.56,960.79,2442.77
4133,Palacios de Baeza,2436.88,0.0,2436.88
781,Olivera y Mascareñas,2435.87,0.0,2435.87
1878,Badillo-Toledo,2434.77,0.0,2434.77
2516,Bonilla-Benito,2428.77,0.0,2428.77
4649,Sáenz de Salcido,2427.87,0.0,2427.87
4044,Air Bueno,2427.84,0.0,2427.84
4538,Mascareñas de Domínquez e Hijo,2425.54,0.0,2425.54
4477,Global Rodarte,2424.19,0.0,2424.19
789,Air Segura,2417.75,0.0,2417.75
2359,Air Rentería,2416.12,0.0,2416.12
3136,Granado y Caballero,2415.73,0.0,2415.73
1154,Gestora Olivo-Aponte,3546.25,1131.1,2415.15
2024,Botello-Valle e Hija,2414.95,0.0,2414.95
1256,Gestora Abrego y Asoc.,2411.17,0.0,2411.17
603,Pagan y Reina,2407.23,0.0,2407.23
2039,"Zamudio, Vallejo y Casárez y Asoc.",2402.5,0.0,2402.5
271,Chacón-Orellana e Hija,2393.67,0.0,2393.67
4526,Madrigal y Santacruz,2390.92,0.0,2390.92
4665,"Guerrero, Alvarado y Olivo SRL",2390.63,0.0,2390.63
2502,"Salas, Delapaz y Guardado y Asoc.",2380.9,0.0,2380.9
2735,Grupo Quiñónez y Asoc.,2850.85,471.88,2378.97
771,Gestora Torres,2378.1,0.0,2378.1
185,Serrano y Colón,2374.71,0.0,2374.71
1558,Véliz-Armenta,2371.4,0.0,2371.4
3388,Montenegro y Cintrón,2366.86,0.0,2366.86
1838,"Venegas, Carvajal y Piñeiro e Hija",2364.6,0.0,2364.6
5,Miranda y Torres e Hijos,2361.96,0.0,2361.96
1176,Soto de Solano,2358.5,0.0,2358.5
1860,Viajes Bahena,2357.26,0.0,2357.26
901,Antón de Paz y Flia.,2353.99,0.0,2353.99
797,Oliver-Arreola e Hijo,2346.41,0.0,2346.41
4023,Ochoa de Corral e Hijos,2344.32,0.0,2344.32
4530,"Giménez, Aguilera y Cisneros y Asoc.",2344.09,0.0,2344.09
4314,Benavídez de Pardo,2343.53,0.0,2343.53
595,Orta de Galindo e Hija,2338.24,0.0,2338.24
3244,Grupo Duran S. de H.,2335.72,0.0,2335.72
3525,"Martos, Sotelo y Pardo SA",2331.39,0.0,2331.39
71,Empresa Arevalo-Ros,2331.35,0.0,2331.35
3957,Asociación Moreno,2314.94,0.0,2314.94
1043,Empresa Varela,2727.92,413.0,2314.92
1240,Barajas y Velázquez SA,2314.83,0.0,2314.83
1520,Ozuna y Soto,3073.34,758.61,2314.73
2759,Martín y Sanz S. de H.,3424.08,1114.15,2309.93
4504,Calvo y Enríquez,2307.96,0.0,2307.96
3519,Galarza-Bonilla e Hijo,2304.69,0.0,2304.69
2484,Matos de Pardo e Hijo,2300.02,0.0,2300.02
3094,Gil de Guzmán,2294.96,0.0,2294.96
1622,Air Puig-Delarosa,2294.58,0.0,2294.58
1315,Vela-Cerda e Hijo,2292.72,0.0,2292.72
3676,Castellano de Farías,2292.33,0.0,2292.33
1029,Ruíz-Varela SRL,3386.1,1102.79,2283.31
4845,Corporación Gálvez y Flia.,2282.62,0.0,2282.62
4401,Pardo y Badillo,2282.23,0.0,2282.23
60,Segovia-Ulloa SRL,2279.51,0.0,2279.51
281,"Otero, Reina y Valverde e Hijo",2279.5,0.0,2279.5
3081,Orta de Alba,2278.73,0.0,2278.73
74,Vásquez-Véliz e Hijos,2584.7,306.11,2278.59
567,"Abrego, Barrientos y De Jesús e Hija",2831.1,556.25,2274.85
1766,Mendoza y Montenegro e Hija,2273.85,0.0,2273.85
1726,Global Ortega,2273.03,0.0,2273.03
3227,Martí-Acuña,2272.8,0.0,2272.8
1960,Collado y Clemente e Hija,2272.6,0.0,2272.6
4001,Alonzo y Hinojosa,2267.99,0.0,2267.99
1346,Air Salas,2527.81,261.71,2266.1
4431,"Luján, Aguilar y Gálvez S. de H.",4016.78,1751.09,2265.69
1266,"Gómez, Trejo y Calvillo e Hijos",3337.18,1076.25,2260.93
3812,Mendoza de Venegas,2258.75,0.0,2258.75
1370,Rico-Galarza,2258.17,0.0,2258.17
434,Holguín-Irizarry y Asoc.,2257.9,0.0,2257.9
3112,Gestora Velásquez-Páez,2257.89,0.0,2257.89
541,Villar y Olivas,2249.08,0.0,2249.08
4922,Ramón-Paredes,2247.61,0.0,2247.61
2562,Global Pozo e Hijos,2244.22,0.0,2244.22
4653,Saucedo y Camacho e Hijo,2243.49,0.0,2243.49
668,Requena y Huerta,2241.53,0.0,2241.53
136,Rangel-Alva e Hijo,2896.94,655.86,2241.08
2351,Gallegos-Vázquez,2235.44,0.0,2235.44
922,Prado y Pineda,2232.59,0.0,2232.59
1602,Saavedra-Narváez,3994.04,1766.09,2227.95
2566,Vila de Gaytán SA,2215.37,0.0,2215.37
4928,Empresa Morales-Valero,3029.09,817.78,2211.31
3707,Borrego y Delgado y Flia.,2953.71,742.46,2211.25
3262,Centro Ornelas-Polanco,2208.93,0.0,2208.93
2474,Borrego-Piña,2205.75,0.0,2205.75
3191,Vázquez-Duran e Hija,2204.29,0.0,2204.29
3953,Viajes Garza,2816.26,613.72,2202.54
3129,Valdivia y Lira,2196.33,0.0,2196.33
2318,Centro Romero S. de H.,2193.94,0.0,2193.94
2598,Carvajal y Ruvalcaba,2184.4,0.0,2184.4
4630,"Montenegro, Herrera y Vicente S. de H.",2184.22,0.0,2184.22
3182,Avilés y Márquez y Asoc.,2184.17,0.0,2184.17
2676,Ramón de Marroquín y Flia.,2183.44,0.0,2183.44
3101,Sandoval y Loera y Asoc.,3554.73,1371.67,2183.06
4215,Grupo Villaseñor e Hija,2181.51,0.0,2181.51
3105,Empresa Más-Ruelas,2177.42,0.0,2177.42
3164,"Feliciano, Hinojosa y Alaniz y Asoc.",2177.3,0.0,2177.3
4403,Montalvo y Palomino e Hija,3192.18,1014.99,2177.19
4807,Zelaya de Loera,2175.91,0.0,2175.91
1979,Rosa y Corrales y Asoc.,2174.58,0.0,2174.58
3691,Villegas-Conde,2170.96,0.0,2170.96
4449,Salgado de Valencia,2170.26,0.0,2170.26
1107,Vidal y Holguín SRL,3109.58,939.48,2170.1
1264,Centeno de Moreno y Asoc.,2167.31,0.0,2167.31
4050,Montoya-Carreón y Flia.,2166.79,0.0,2166.79
3450,Delvalle y Martínez e Hijos,2166.64,0.0,2166.64
4223,Empresa González,2156.52,0.0,2156.52
3316,Global Rendón-Guillen,2155.99,0.0,2155.99
4732,Riera-Girón e Hija,2155.51,0.0,2155.51
2574,Alonzo de Verdugo,2151.92,0.0,2151.92
3828,Flores de Villar,2151.42,0.0,2151.42
2196,Empresa Malave e Hijo,2149.36,0.0,2149.36
2943,"Becerra, Giménez y Girón SA",2146.66,0.0,2146.66
2383,Corporación Zelaya,2129.39,0.0,2129.39
942,Air Salcedo,3089.34,962.91,2126.43
1850,Sierra de Benito,2440.0,313.58,2126.42
3181,Abad-Velásquez,3561.71,1435.39,2126.32
1069,"Arreola, Almaráz y Luque SA",2125.89,0.0,2125.89
4970,Centro Carbonell SA,2123.41,0.0,2123.41
1180,Bustamante-Muñoz,2122.32,0.0,2122.32
3602,Montenegro-Garrido,2121.95,0.0,2121.95
2490,"Lara, Espinoza y Pereira e Hijo",2121.33,0.0,2121.33
3617,Téllez-Pascual,2119.42,0.0,2119.42
4805,Gestora Álvarez SA,2118.85,0.0,2118.85
1130,Rael y Batista e Hijos,2117.5,0.0,2117.5
3156,Global Carballo e Hijo,3023.37,907.87,2115.5
846,Ulibarri y Vergara,2110.74,0.0,2110.74
3886,Lozada y Muñiz,2108.66,0.0,2108.66
1714,Sierra de Olivárez,2107.83,0.0,2107.83
217,Vidal y Sandoval,2107.13,0.0,2107.13
3330,Grupo Segovia y Flia.,3017.46,912.07,2105.39
1070,Simón y Botello,3888.54,1785.05,2103.49
4248,Cobo de Malave SRL,2102.76,0.0,2102.76
536,Olvera-Avilés e Hijo,2796.28,697.13,2099.15
1478,Murillo de Colunga e Hijo,2098.56,0.0,2098.56
1115,Llorente de Suárez y Flia.,2092.52,0.0,2092.52
2173,Pons-Baca,2091.76,0.0,2091.76
3757,Duran y Oliva,3706.41,1614.67,2091.74
949,"Agosto, González y Gil SA",2090.67,0.0,2090.67
1909,Asociación Ávalos-Madrigal,3507.99,1417.85,2090.14
1937,Olmos de Calderón SA,2088.18,0.0,2088.18
3376,Oliver y Quezada,2147.49,63.28,2084.21
4349,Contreras de Santana,2080.51,0.0,2080.51
2737,Valadez y Campos y Asoc.,4434.74,2360.61,2074.13
863,"Leyva, Castellanos y Pérez S. de H.",2904.77,831.48,2073.29
2711,Grupo Ruvalcaba,2067.84,0.0,2067.84
630,Raya-Luis,2064.72,0.0,2064.72
747,Morales-Juárez y Flia.,2326.31,261.65,2064.66
679,"Lemus, Olivas y Santacruz SRL",3639.7,1581.89,2057.81
644,Global Castillo SA,2057.5,0.0,2057.5
3073,Jaime y Ortíz e Hijos,3277.56,1222.53,2055.03
3398,Redondo y Matías e Hija,3221.71,1167.36,2054.35
3959,"Salvador, Ybarra y Corrales y Flia.",2047.35,0.0,2047.35
4500,Zelaya y Cavazos,2046.01,0.0,2046.01
392,Alba y Miramontes e Hijos,2045.88,0.0,2045.88
4733,Corporación Ballesteros-Valladares,2043.7,0.0,2043.7
4887,Alcántar y Zepeda,2858.12,815.94,2042.18
4200,Viajes Raya y Flia.,3270.3,1228.16,2042.14
1475,Grupo Benavides,2041.21,0.0,2041.21
913,Escalante de Sisneros,2040.58,0.0,2040.58
4221,Gestora Correa,2029.99,0.0,2029.99
1054,"Otero, Tamayo y Martos SRL",2023.82,0.0,2023.82
3496,Pabón de Navas,3228.88,1205.59,2023.29
2773,Zamora-Requena e Hijo,2019.28,0.0,2019.28
4876,Llamas y Rojas y Flia.,2019.18,0.0,2019.18
4594,Ozuna-Mejía SRL,2405.52,388.73,2016.79
2609,Global Santillán e Hija,2223.6,207.11,2016.49
3472,Lira y Montaño,2293.68,281.04,2012.64
2746,Empresa Girón e Hijo,2010.82,0.0,2010.82
4766,Girón de Pulido e Hijo,2009.92,0.0,2009.92
579,Ferrer y Orozco S. de H.,2800.56,792.48,2008.08
4900,Clemente y Caballero y Flia.,2005.68,0.0,2005.68
4926,Centeno-Navarrete SA,2004.27,0.0,2004.27
1660,Empresa Beltrán e Hijos,2002.81,0.0,2002.81
4212,Urrutia y Cervantes e Hijos,1999.95,0.0,1999.95
1896,"Acosta, Alfonso y Cordero e Hijos",1999.86,0.0,1999.86
2453,Urbina y Gaytán y Asoc.,1999.64,0.0,1999.64
3468,Lorenzo de Galindo,3844.55,1847.23,1997.32
1544,Peralta y Valdez S. de H.,1995.68,0.0,1995.68
2385,Millán de Santana,1994.61,0.0,1994.61
4576,Ocasio-Sáez,1994.14,0.0,1994.14
4127,Pascual-Robles e Hijo,1990.68,0.0,1990.68
4949,Samaniego de Lorente,3080.37,1091.52,1988.85
1856,Partida de Barajas e Hijos,2157.11,168.61,1988.5
497,"Carbajal, Anaya y Reséndez e Hijos",1988.37,0.0,1988.37
2068,Alemán de Pizarro S. de H.,1986.86,0.0,1986.86
1460,Guevara-Zúñiga,1986.79,0.0,1986.79
1827,Corporación Bonilla-Mayorga,2718.69,732.91,1985.78
2736,Corporación Rocha,1983.81,0.0,1983.81
4824,Zambrano de Luis y Asoc.,1982.2,0.0,1982.2
1442,Ceja de Pantoja,2641.65,662.32,1979.33
4663,Vanegas de Sandoval,1978.11,0.0,1978.11
1293,Empresa Saldivar e Hijos,1976.66,0.0,1976.66
1239,Razo y Guajardo y Flia.,1976.14,0.0,1976.14
1118,Domínguez de Rivera e Hija,1974.97,0.0,1974.97
1822,Vaca y Terán,1973.93,0.0,1973.93
1593,Muñoz de Millán e Hijo,1970.52,0.0,1970.52
3433,Murillo-Hernández SA,1969.84,0.0,1969.84
4553,"Crespo, Crespo y Robledo SA",1969.72,0.0,1969.72
1348,Pantoja de Sepúlveda e Hijo,1969.63,0.0,1969.63
952,"Meraz, Ureña y Corrales SRL",1969.31,0.0,1969.31
3086,Asociación Marcos-Serra,1967.64,0.0,1967.64
1746,Global Cruz,1967.59,0.0,1967.59
3725,Delgadillo y Quiñónez,1965.59,0.0,1965.59
3704,Cerda-Bustos,1965.31,0.0,1965.31
2749,Rentería y Alonzo,3532.58,1567.65,1964.93
1193,Corporación Bonilla-Montenegro,3284.3,1319.4,1964.9
1470,Cruz de Escobedo,1964.75,0.0,1964.75
2466,"Gil, Armendáriz y Tejada S. de H.",1963.74,0.0,1963.74
3428,"Castellano, Jaramillo y Cuevas y Flia.",1961.29,0.0,1961.29
3963,Gestora Tejeda,1961.05,0.0,1961.05
2415,Grupo Baca SA,2072.22,111.94,1960.28
1371,Viajes Cordero-Cervantes,1958.72,0.0,1958.72
3961,"Quintanilla, Meza y Mayorga e Hijo",1956.71,0.0,1956.71
744,Grupo Briones e Hijo,1956.7,0.0,1956.7
2851,Asociación Avilés S. de H.,1956.29,0.0,1956.29
584,Cortez-De Anda,1955.88,0.0,1955.88
3424,Air Redondo-Zamora,1955.87,0.0,1955.87
2825,Centro Rolón-Linares,1954.71,0.0,1954.71
3,Robles y Valentín y Asoc.,1953.94,0.0,1953.94
1144,Cedillo y Estrada,1953.81,0.0,1953.81
916,"Prieto, Archuleta y Aguilar e Hijos",1952.54,0.0,1952.54
3165,Centro Aguado,1952.34,0.0,1952.34
4469,Marrero de Santiago S. de H.,1951.72,0.0,1951.72
714,Lomeli-Carballo e Hija,1951.44,0.0,1951.44
1700,Bueno de Galán SRL,1947.9,0.0,1947.9
3970,"Gaitán, Vásquez y Miramontes SRL",1945.99,0.0,1945.99
1039,"Carrillo, Bustamante y Galarza SRL",1945.8,0.0,1945.8
144,Montemayor-Menchaca,1944.14,0.0,1944.14
4207,Espinosa y Contreras,2903.49,959.58,1943.91
2352,Ocasio-Mercado,1942.68,0.0,1942.68
573,De la Fuente-Figueroa,1942.48,0.0,1942.48
2766,Izquierdo-Santillán,1940.42,0.0,1940.42
3672,Global Arroyo e Hija,1940.22,0.0,1940.22
3866,Negrón de Carrillo e Hijos,1939.94,0.0,1939.94
3652,Grupo Vicente-Roque,2300.44,361.14,1939.3
3810,Ceballos de Colunga,1938.52,0.0,1938.52
4918,Castellanos y Salas,1938.42,0.0,1938.42
4090,Corporación Venegas-Chapa,1935.11,0.0,1935.11
3671,Araña-Alcaráz,1933.84,0.0,1933.84
1339,Valverde de Sarabia,1933.74,0.0,1933.74
2733,Robles-Garica e Hijos,1931.31,0.0,1931.31
2200,Global Asensio y Flia.,3734.93,1803.82,1931.11
3909,García-Ávalos e Hijos,1930.7,0.0,1930.7
3034,Air Abad,1930.51,0.0,1930.51
4388,Gestora Correa SRL,1928.75,0.0,1928.75
4955,"Ocasio, Almanza y Rodarte e Hijo",1927.85,0.0,1927.85
1964,Molina de Cervántez,1927.23,0.0,1927.23
3103,Miranda-Frías,1926.28,0.0,1926.28
415,Rangel de Huerta,1925.4,0.0,1925.4
1106,Llorente y Camarillo,1923.03,0.0,1923.03
4245,Cotto y Requena SA,2150.72,229.21,1921.51
3508,Aguado y Pascual SRL,1920.16,0.0,1920.16
1757,Zarate-Girón SA,1919.66,0.0,1919.66
4021,"Raya, Valverde y Simón S. de H.",1918.79,0.0,1918.79
3184,Jaime-Marín y Flia.,1918.35,0.0,1918.35
404,Enríquez de Tejeda SA,1918.11,0.0,1918.11
1890,Global Preciado-Alicea,1917.85,0.0,1917.85
3365,Viajes Sedillo,1916.47,0.0,1916.47
831,Gutiérrez y Negrón e Hijos,1916.06,0.0,1916.06
209,Armenta-Saavedra,1912.02,0.0,1912.02
1779,Asociación Bermúdez,1908.82,0.0,1908.82
909,Global Verdugo-Terán,2707.1,798.62,1908.48
1376,Hinojosa-Vergara,1907.9,0.0,1907.9
142,Asociación Lovato,1905.0,0.0,1905.0
4757,Dávila-Pastor S. de H.,1904.29,0.0,1904.29
1891,Quintanilla de Campos,1903.0,0.0,1903.0
110,Domingo-Oquendo,1902.87,0.0,1902.87
609,Oliver y Perea,1900.4,0.0,1900.4
1245,Gestora Caballero,1899.78,0.0,1899.78
466,Navarrete y Cobo,2243.39,346.51,1896.88
1350,Chapa de Orosco e Hijo,1896.83,0.0,1896.83
1861,Colunga y Arguello e Hijo,2697.06,800.53,1896.53
976,Peralta y Porras e Hijo,1896.32,0.0,1896.32
2889,Corporación Fajardo,1895.85,0.0,1895.85
2360,Font-Paz e Hijos,1894.05,0.0,1894.05
627,Vergara de Soler y Flia.,1893.62,0.0,1893.62
2322,"Valdivia, Sepúlveda y Padrón y Flia.",1892.99,0.0,1892.99
908,"Peres, Guevara y Lerma y Asoc.",1891.83,0.0,1891.83
1328,Quesada de Lorenzo e Hija,1891.25,0.0,1891.25
650,Piñeiro y Romero e Hijo,1985.52,95.62,1889.9
469,"Alonso, Marcos y Palomo e Hija",1889.1,0.0,1889.1
3665,Empresa Sevilla-Roca,1888.85,0.0,1888.85
3633,Centro Guevara y Asoc.,1886.61,0.0,1886.61
3783,Corporación Correa S. de H.,1884.43,0.0,1884.43
2587,Córdoba y Cervantes,1884.17,0.0,1884.17
3445,Armenta y Plaza e Hijos,1883.5,0.0,1883.5
1579,Vallejo-Pizarro,1883.23,0.0,1883.23
2931,Laboy de Delapaz,1883.06,0.0,1883.06
4318,Velázquez y Domínquez y Asoc.,1882.59,0.0,1882.59
3781,Rojas de Montenegro,1880.5,0.0,1880.5
3839,"Vigil, Giménez y Domínguez SA",1877.71,0.0,1877.71
2041,Calvillo de Santamaría,1877.41,0.0,1877.41
4596,Tijerina-Carbajal S. de H.,1874.93,0.0,1874.93
712,Empresa Vila,1873.36,0.0,1873.36
642,Centro Hernándes,2811.71,938.49,1873.22
20,Díez de Arenas,2276.19,403.87,1872.32
3744,Gestora Soler,1872.29,0.0,1872.29
3168,Más-Moya,1871.23,0.0,1871.23
2977,Corporación Campos-Escobedo,1871.17,0.0,1871.17
184,Cintrón y Girón,2047.16,176.01,1871.15
4321,Herrera-Ruvalcaba y Asoc.,1866.28,0.0,1866.28
1458,Alba de Meraz,1866.26,0.0,1866.26
2832,Air Leyva,1866.15,0.0,1866.15
3591,Rodríquez de Baca SA,1864.44,0.0,1864.44
2781,Escalante-Alvarado,1863.99,0.0,1863.99
2548,Porras y Cazares,1863.1,0.0,1863.1
102,Tejeda-Llorente SA,1862.13,0.0,1862.13
702,Barraza-Alba,1860.54,0.0,1860.54
4225,Mora y Benítez,1859.81,0.0,1859.81
4907,Empresa Córdova,1858.57,0.0,1858.57
3531,Maestas y Carmona,1856.89,0.0,1856.89
1066,Sancho de Colón,2813.79,958.2,1855.59
1321,Quiroz-Cabello e Hija,1855.14,0.0,1855.14
2604,Ballesteros de Atencio y Flia.,1854.83,0.0,1854.83
912,Paredes de Salcido S. de H.,1854.38,0.0,1854.38
4937,"Castañeda, Jaramillo y Ontiveros e Hijo",1878.19,24.48,1853.71
4965,Anaya de Contreras,1852.9,0.0,1852.9
4191,Madrigal y Anaya,1852.82,0.0,1852.82
884,Matías de Manzanares,1847.11,0.0,1847.11
1990,Borrego de Miramontes,1846.22,0.0,1846.22
1615,Castaño de Alonzo,1845.12,0.0,1845.12
2328,Delafuente y Benavides,1844.74,0.0,1844.74
2118,"Carrasquillo, Zapata y Rojas y Asoc.",1891.87,48.54,1843.33
931,Martín de Alfaro y Asoc.,1842.16,0.0,1842.16
2771,Maldonado de Requena S. de H.,1841.4,0.0,1841.4
361,Candelaria de Borrego e Hijo,1839.65,0.0,1839.65
3699,Jaimes de Alcántar e Hijo,1839.01,0.0,1839.01
2666,Global Pagan-Ordóñez,1836.57,0.0,1836.57
2392,Roque de Aguilera,1836.01,0.0,1836.01
393,"Rojo, Serra y Partida y Asoc.",1833.82,0.0,1833.82
2214,Ocasio-Lugo,1833.27,0.0,1833.27
4161,Global Duran-Ruelas,1833.25,0.0,1833.25
2881,Morales y Lucio,3510.52,1677.8,1832.72
823,"Herrera, Muro y Madrid y Asoc.",1832.52,0.0,1832.52
1978,"Roig, Álvarez y Anaya SRL",1832.3,0.0,1832.3
672,Empresa Rocha,1830.23,0.0,1830.23
3017,Centro Sierra-Villegas,1829.4,0.0,1829.4
3789,Corporación Treviño,1828.93,0.0,1828.93
4423,"Carrero, Ornelas y Briseño SA",1827.6,0.0,1827.6
2925,Casanova y Nájera,1827.42,0.0,1827.42
3989,Global Mena e Hija,1825.71,0.0,1825.71
4528,Delao-Viera,1823.97,0.0,1823.97
4961,Centro Viera,1822.46,0.0,1822.46
94,Gestora Raya y Flia.,1821.92,0.0,1821.92
1457,Ríos de Salas y Flia.,1821.2,0.0,1821.2
4838,Viajes Palacios,1820.89,0.0,1820.89
3631,Polo-Lemus e Hijo,1913.36,92.76,1820.6
1999,Corporación Villagómez,1819.56,0.0,1819.56
2255,Acosta-Ozuna e Hijo,1865.67,46.37,1819.3
3351,Ruelas de Abad,1819.07,0.0,1819.07
1509,Villegas de Montes,1817.56,0.0,1817.56
2369,Hidalgo-Montaño,1816.29,0.0,1816.29
4764,Salcido-Cazares,1991.59,176.19,1815.4
1565,Empresa Montañez-Pagan,1810.88,0.0,1810.88
421,Robledo de Ybarra,1809.23,0.0,1809.23
2479,Anaya-Carretero SRL,1809.06,0.0,1809.06
4697,Acosta de Gómez,1808.81,0.0,1808.81
1597,Peláez de Gómez,1807.66,0.0,1807.66
3797,Soriano y Soler e Hijos,1805.41,0.0,1805.41
3420,Delgadillo-Briseño,2133.52,330.32,1803.2
3386,"Manzanares, Hidalgo y Solorio e Hijos",1998.11,194.97,1803.14
3116,Arias de Luna,1803.13,0.0,1803.13
2514,Viajes Collazo,1802.5,0.0,1802.5
284,Viajes Villa,3798.75,1996.85,1801.9
3724,Empresa Santamaría-Gaytán,1801.01,0.0,1801.01
2131,Soriano y Preciado,2928.65,1129.57,1799.08
1201,"Puig, Maya y Urrutia y Asoc.",1799.01,0.0,1799.01
857,Asociación Beltrán-Sánchez,1798.85,0.0,1798.85
1703,Pérez de Mota,1798.81,0.0,1798.81
3514,Jurado y Pagan,1797.45,0.0,1797.45
4313,Correa de Robledo,1796.74,0.0,1796.74
2169,Gamboa de Armenta SA,1794.25,0.0,1794.25
3670,Centro Navas e Hijo,1794.22,0.0,1794.22
1722,"Jasso, Lovato y Saiz SRL",1794.19,0.0,1794.19
3255,Gestora Cavazos e Hijo,1794.11,0.0,1794.11
4564,Salcido-Enríquez,1793.04,0.0,1793.04
3074,Llorente de Correa y Asoc.,1792.81,0.0,1792.81
2997,Garrido y Maya,1792.58,0.0,1792.58
2541,Sáez de Calvo,1792.57,0.0,1792.57
2295,Villaseñor de Ramos SRL,2822.97,1031.54,1791.43
1485,Rodarte-Dueñas y Asoc.,1784.53,0.0,1784.53
2629,Air Gutiérrez-Atencio,1784.18,0.0,1784.18
395,Rael-Delagarza,1783.89,0.0,1783.89
958,Amador y Casares y Asoc.,1783.67,0.0,1783.67
2223,Centro Zapata-Reyes,1783.61,0.0,1783.61
2438,Gonzáles de Muñiz e Hijos,1783.24,0.0,1783.24
2966,Empresa Aragón-Godoy,1781.08,0.0,1781.08
2339,Tafoya y Montes,2590.11,809.81,1780.3
2101,Viajes Ramón,1779.67,0.0,1779.67
4085,Esteban-Briseño,1779.25,0.0,1779.25
2529,Atencio de Vanegas,1777.17,0.0,1777.17
50,Silva y Blasco SRL,1774.77,0.0,1774.77
1734,Centro Lebrón SA,1773.42,0.0,1773.42
3253,"Negrón, Peláez y Vigil e Hija",1772.1,0.0,1772.1
4702,"Arreola, Garza y Palomino e Hijo",1771.91,0.0,1771.91
2425,Robles y Marín,1771.75,0.0,1771.75
1598,Grupo Urías,1771.08,0.0,1771.08
3464,"Tirado, Contreras y Villalpando y Flia.",1770.8,0.0,1770.8
1870,Gestora Muro y Asoc.,1768.95,0.0,1768.95
3890,Padilla de Hinojosa y Asoc.,1766.98,0.0,1766.98
1287,Ulibarri y Caldera y Flia.,1763.47,0.0,1763.47
1064,Viajes Angulo e Hijos,1761.15,0.0,1761.15
4443,Orta y Olivárez S. de H.,1759.62,0.0,1759.62
1292,"Cerda, Hernándes y Toro S. de H.",1757.45,0.0,1757.45
247,Empresa Collazo-Pagan,1757.1,0.0,1757.1
4816,Escamilla-Salcido S. de H.,1756.53,0.0,1756.53
4461,Avilés de Sauceda e Hijo,2489.23,733.86,1755.37
778,Cordero-Izquierdo,1754.22,0.0,1754.22
4848,Viajes Véliz,1751.15,0.0,1751.15
793,"Saiz, Olmos y Valero SRL",2789.34,1039.81,1749.53
3768,Sanz y Valdez,2541.86,793.92,1747.94
3734,Barela y Rosario e Hija,1785.65,40.81,1744.84
317,Feliciano de Alcala SRL,1743.31,0.0,1743.31
2810,Cuevas-Cuesta y Flia.,3582.44,1840.79,1741.65
746,Gestora Robledo y Asoc.,1741.41,0.0,1741.41
4353,Barraza y Gimeno y Asoc.,1978.56,237.25,1741.31
4402,"Farías, Guzmán y Puente y Flia.",1740.67,0.0,1740.67
4773,Viajes Nazario e Hijos,1737.9,0.0,1737.9
2886,Serrano-Caraballo e Hijos,1736.9,0.0,1736.9
191,"Almaráz, Pardo y Tello e Hija",1735.05,0.0,1735.05
4818,Air Camacho,1734.81,0.0,1734.81
4498,Centro Díaz,1733.99,0.0,1733.99
413,Zepeda de Coronado y Flia.,1733.5,0.0,1733.5
3001,Global Esquivel-Sisneros,1732.61,0.0,1732.61
1566,Viajes Paredes-Mena,1732.11,0.0,1732.11
880,Millán y Villanueva e Hija,1731.42,0.0,1731.42
3851,"Alarcón, Moya y Ornelas SA",1731.31,0.0,1731.31
2137,Global Serra-De la Fuente,2913.01,1181.97,1731.04
4588,Grupo Reyes,1722.46,0.0,1722.46
4384,Gestora Lemus-Arias,1719.79,0.0,1719.79
1739,Ramos de Raya e Hija,1717.04,0.0,1717.04
2422,Air Casado y Flia.,1716.96,0.0,1716.96
2457,Grupo Cedillo,1716.87,0.0,1716.87
289,Alcántar y Paz SRL,1716.55,0.0,1716.55
2308,Contreras de Garibay SA,2236.38,520.62,1715.76
3624,Aragón de Garibay e Hijo,3154.35,1439.03,1715.32
4246,Cazares-Bustos SA,1714.06,0.0,1714.06
4516,Gómez y González e Hija,2446.57,732.76,1713.81
1750,Hernándes de Brito S. de H.,1713.62,0.0,1713.62
4741,Grupo Regalado,1711.41,0.0,1711.41
583,Leyva de Sanz,3358.45,1647.49,1710.96
4040,Corporación Hernández,1710.55,0.0,1710.55
871,Estévez de Saiz,1709.46,0.0,1709.46
944,"Betancourt, Hernádez y Marcos e Hijos",1709.45,0.0,1709.45
4951,"Loya, Armas y Zambrano SA",1708.43,0.0,1708.43
4182,Galarza y Carrillo y Flia.,1706.03,0.0,1706.03
3235,Empresa Salas,1703.51,0.0,1703.51
1711,Saldivar y Ojeda,1702.67,0.0,1702.67
4255,Viajes Urrutia S. de H.,3636.03,1935.8,1700.23
4483,"Nieves, Sánchez y Jasso e Hijo",3364.46,1664.37,1700.09
840,"Linares, Cerda y Rangel SA",1698.95,0.0,1698.95
1391,Grupo Pons,1698.61,0.0,1698.61
3084,Aguirre de Esquivel,2225.93,527.66,1698.27
78,Arreola de Ortíz,1698.25,0.0,1698.25
748,Almaráz de Matos SRL,1697.79,0.0,1697.79
4677,"Valdés, Ontiveros y Del Río e Hijos",1691.7,0.0,1691.7
1271,De la Cruz de Macias SRL,1691.61,0.0,1691.61
1540,Corporación Valadez-Martín,1690.83,0.0,1690.83
4334,Méndez de Vigil,1702.37,11.88,1690.49
839,Alfonso-Carbajal,1690.38,0.0,1690.38
2406,"Polanco, Zavala y Carrero e Hija",1689.89,0.0,1689.89
1642,"Menchaca, Arroyo y Esquivel e Hijo",2481.65,792.31,1689.34
4778,Corporación Carballo-Ibarra,1687.65,0.0,1687.65
2084,Guevara-Bustamante,1686.27,0.0,1686.27
3265,Grupo Méndez,1684.58,0.0,1684.58
881,Orta y Dávila,1679.53,0.0,1679.53
557,Barela-Ozuna e Hijos,1678.21,0.0,1678.21
4025,Escribano y Delrío y Flia.,1676.03,0.0,1676.03
2628,"Bustamante, Reséndez y Quezada y Asoc.",1675.78,0.0,1675.78
1067,Serrato de Luján,1675.25,0.0,1675.25
40,Cadena y Pacheco,1674.49,0.0,1674.49
1568,Corporación Olivo SRL,1674.35,0.0,1674.35
2558,Asociación Soliz-Yáñez,3058.82,1384.72,1674.1
4715,"Requena, Urías y Pardo e Hijo",1672.88,0.0,1672.88
4409,"Cortés, Jurado y Lugo e Hijos",1671.19,0.0,1671.19
1387,Benito de Vela e Hijo,1670.66,0.0,1670.66
535,Air Rodríguez-Peralta,1670.07,0.0,1670.07
3228,Leal y Gastélum SA,1669.45,0.0,1669.45
3910,Bueno y Pedroza SA,1668.57,0.0,1668.57
2915,Sáez de Tovar,1668.24,0.0,1668.24
1309,Badillo-Carbonell e Hijos,2638.69,970.85,1667.84
130,Ureña-Venegas,1667.16,0.0,1667.16
1209,Marín de Arce,1666.66,0.0,1666.66
3225,Cervantes de Nava,1666.43,0.0,1666.43
4089,Franco-Rosado S. de H.,1663.81,0.0,1663.81
1108,Gestora Fernández-Ochoa,1663.33,0.0,1663.33
2694,Global Clemente SRL,1662.38,0.0,1662.38
1114,Gestora Pacheco y Flia.,3465.94,1804.29,1661.65
738,Air Estrada e Hijos,1658.14,0.0,1658.14
3158,Barroso-Acevedo y Asoc.,1657.84,0.0,1657.84
1270,Gestora Navarrete SRL,1802.84,146.41,1656.43
1233,Centro Lerma e Hijos,1655.04,0.0,1655.04
4036,Asociación Clemente-Roque,1654.8,0.0,1654.8
3328,Monroy-Macias,1652.54,0.0,1652.54
3903,Global Esquivel,1651.71,0.0,1651.71
1656,Grupo Castillo,1649.48,0.0,1649.48
4421,Sandoval de Briones,1649.03,0.0,1649.03
4190,De la Fuente-Carranza,3350.15,1702.02,1648.13
418,Air Corrales,1648.03,0.0,1648.03
2630,Aguilar-Hernádez e Hijo,1647.03,0.0,1647.03
516,Negrón-Santillán e Hijo,1646.78,0.0,1646.78
2155,Gestora Treviño S. de H.,1645.15,0.0,1645.15
3747,Global Arguello,2149.11,504.11,1645.0
1298,Grupo Atencio e Hijo,1644.68,0.0,1644.68
2839,Bermúdez-Zaragoza,1644.26,0.0,1644.26
785,Rivas de Zelaya y Flia.,1643.03,0.0,1643.03
4356,Valero-Blázquez y Flia.,1642.25,0.0,1642.25
4203,Viajes Quezada-Llamas,1641.25,0.0,1641.25
3149,Meraz de Hurtado e Hija,1641.17,0.0,1641.17
2141,Gestora Peña,3041.05,1400.08,1640.97
2093,Air Tello e Hija,1640.44,0.0,1640.44
3908,"Jiménez, Narváez y Silva y Asoc.",1640.43,0.0,1640.43
4589,Centro Almaráz-Giménez,1640.12,0.0,1640.12
1709,Sedillo-Guerra y Flia.,1638.98,0.0,1638.98
680,Vaca de Naranjo,1752.17,113.78,1638.39
3993,Cazares de Soria y Asoc.,1637.3,0.0,1637.3
649,Velasco-Arenas,1636.31,0.0,1636.31
1829,Air Vera-Rodarte,2646.94,1011.38,1635.56
4121,Asociación Blanco,1635.54,0.0,1635.54
4271,Mendoza-Tamez e Hijo,1635.34,0.0,1635.34
4714,Muñoz y Requena,2956.22,1322.59,1633.63
2631,Munguía y De la Torre,2460.39,827.72,1632.67
1462,Saucedo y Verduzco,1987.97,355.67,1632.3
4197,Gurule-Pedraza S. de H.,4760.11,3128.62,1631.49
1127,Frías y Trejo SRL,2012.64,381.92,1630.72
2914,Global Delarosa SA,2493.01,862.72,1630.29
2829,Jaime y Patiño,1628.35,0.0,1628.35
3788,Hinojosa y Armas e Hijos,1912.81,284.55,1628.26
2784,Tirado-Más,1626.55,0.0,1626.55
1017,Air Meraz SA,1621.95,0.0,1621.95
2579,Asociación Zúñiga,1879.43,258.02,1621.41
1482,Mercado y Villarreal e Hijo,1616.87,0.0,1616.87
1881,"Parra, Cotto y Barragán e Hijo",1615.92,0.0,1615.92
3947,Meraz y Carbajal y Asoc.,1615.12,0.0,1615.12
1871,Luque-Mares S. de H.,2403.79,790.1,1613.69
3968,Grupo Linares-Prado,1612.69,0.0,1612.69
3307,Asociación Orozco-Corral,1611.92,0.0,1611.92
1670,Medina de Barajas,1609.94,0.0,1609.94
4453,Carvajal y Bautista,1609.76,0.0,1609.76
2460,Matías-Valdés SRL,1609.4,0.0,1609.4
2434,Grijalva y Almonte y Asoc.,1608.98,0.0,1608.98
4839,Air Pantoja-Jaimes,1607.79,0.0,1607.79
1265,Reina y Alonso,1607.74,0.0,1607.74
2403,Castañeda de Alonso,1703.99,96.34,1607.65
3201,Alonzo de Del Río,1607.28,0.0,1607.28
220,Arroyo y Serrato S. de H.,1605.87,0.0,1605.87
4671,Centro Lemus,1604.83,0.0,1604.83
1277,Pelayo-Montenegro e Hija,1604.67,0.0,1604.67
100,Viajes Luevano,1604.36,0.0,1604.36
4336,Amaya de Fuentes e Hijo,1603.44,0.0,1603.44
2667,Oliver y Sedillo,1602.54,0.0,1602.54
3754,Enríquez-Crespo,1602.49,0.0,1602.49
4971,Carrillo y Navas SRL,1601.71,0.0,1601.71
3937,"Chavarría, Tamez y Benavídez e Hija",2277.25,677.6,1599.65
3985,Valentín-Esteban e Hijos,1598.78,0.0,1598.78
2251,Air Lorenzo,1597.11,0.0,1597.11
2288,"Luna, Montoya y Haro y Asoc.",1596.97,0.0,1596.97
1481,Maya de Carrera e Hijos,1596.18,0.0,1596.18
3050,Cavazos de Mondragón,1595.25,0.0,1595.25
420,Duarte-Jaime,1595.04,0.0,1595.04
3674,Medina y Macías e Hijos,1594.59,0.0,1594.59
3860,Barrientos-Carrillo,1592.92,0.0,1592.92
2858,Padilla de Villaseñor S. de H.,1591.43,0.0,1591.43
4823,Corporación Mata,1590.98,0.0,1590.98
2632,Ortíz-Llamas,1590.68,0.0,1590.68
957,Grupo Trujillo,2951.44,1362.56,1588.88
2077,Global Lázaro-Patiño,1587.98,0.0,1587.98
2433,Air Aguilar-Gaitán,3445.92,1858.56,1587.36
1851,Suárez-Hernando e Hija,1997.12,410.75,1586.37
664,"Escobar, Olvera y Reséndez y Asoc.",1585.42,0.0,1585.42
2178,Corporación Viera-Salinas,1584.26,0.0,1584.26
3343,Grupo Tafoya-Cárdenas,1582.11,0.0,1582.11
1846,Noriega y Zelaya,1581.2,0.0,1581.2
2057,Santos de Pantoja,1581.11,0.0,1581.11
598,González de Chapa y Flia.,1580.28,0.0,1580.28
1129,Apodaca y Mireles e Hija,2380.92,800.95,1579.97
2953,Alarcón y Ríos SA,1579.59,0.0,1579.59
4680,"Miranda, Rosado y Chapa y Flia.",1576.09,0.0,1576.09
1799,Global Montoya,1574.6,0.0,1574.6
4083,Air Lomeli-Olivas,1573.22,0.0,1573.22
2297,Grupo Verdugo e Hija,2587.36,1014.69,1572.67
1742,Sancho-Romero,1572.6,0.0,1572.6
1697,Air Tamez-Delapaz,1571.8,0.0,1571.8
3135,Barroso y Serra,1570.99,0.0,1570.99
455,Gestora Tamez,1570.2,0.0,1570.2
1402,Empresa Burgos e Hija,1569.4,0.0,1569.4
4967,Global Cabrera-Jáquez,2483.5,914.63,1568.87
898,Gámez-Montes e Hijo,1568.51,0.0,1568.51
2848,Centro Aguirre-Aguilar,2515.88,948.36,1567.52
4938,Luque y Nájera e Hijos,1566.45,0.0,1566.45
4775,"Rolón, Manzanares y Canales e Hijos",1565.74,0.0,1565.74
1793,"Verdugo, Arce y Prado SA",1564.38,0.0,1564.38
28,Díez de Soler SRL,1846.22,282.5,1563.72
4817,Corporación Vigil-Rodríguez,1563.24,0.0,1563.24
4302,Centro Redondo-Esquivel,1561.91,0.0,1561.91
4259,Morán-Limón,1561.59,0.0,1561.59
1907,Asociación Villarreal-Ayala,1560.49,0.0,1560.49
3280,Juan y Orellana y Asoc.,1559.57,0.0,1559.57
4850,"Gurule, Batista y Galván S. de H.",1558.38,0.0,1558.38
1666,Vázquez de Puig y Flia.,1558.05,0.0,1558.05
1494,Escribano-Nájera,2320.4,764.09,1556.31
1364,Grupo Raya-Olmos,1555.89,0.0,1555.89
532,Armendáriz-Mejía,1555.42,0.0,1555.42
4693,Arevalo de Alejandro,3254.31,1699.01,1555.3
4846,Jimínez-Ramírez y Asoc.,1554.65,0.0,1554.65
3097,Balderas-Fernández e Hijos,1553.51,0.0,1553.51
1097,Cuevas-Franco,1550.53,0.0,1550.53
1349,Casares de Marín SRL,1550.31,0.0,1550.31
4087,Corrales-Zaragoza y Flia.,1549.93,0.0,1549.93
4195,Villalpando-Salazar y Asoc.,1549.6,0.0,1549.6
2572,Arroyo y Escamilla,1548.64,0.0,1548.64
4535,"Girón, Nieves y Polanco e Hija",1546.95,0.0,1546.95
4712,Grupo Beltrán-Alfaro,1546.58,0.0,1546.58
1837,Centro Collazo SRL,2225.84,680.21,1545.63
3915,Casares y Pichardo,2172.75,628.52,1544.23
3967,Global Hurtado,1543.21,0.0,1543.21
4590,Olivera-Oliva,1539.14,0.0,1539.14
370,Centro Cárdenas SRL,1539.09,0.0,1539.09
3044,Luna-Reynoso,1538.96,0.0,1538.96
3294,Armas de Becerra y Asoc.,4590.97,3052.53,1538.44
4451,Global Botello S. de H.,1538.07,0.0,1538.07
4031,Leiva-Cotto e Hija,1536.91,0.0,1536.91
4990,Silva-Loera e Hija,1536.91,0.0,1536.91
4578,Air Terrazas e Hijo,1536.59,0.0,1536.59
232,Villa-Peláez,1535.36,0.0,1535.36
3661,Esteve y Nazario,1996.69,462.91,1533.78
350,Grupo Vargas-Venegas,1533.06,0.0,1533.06
1151,Air Barragán-Contreras,2253.95,721.7,1532.25
113,"Navarro, Rey y Rocha S. de H.",1531.76,0.0,1531.76
1920,Corporación Villalpando-Gracia,1531.22,0.0,1531.22
1033,Navarro y Hidalgo SA,1531.19,0.0,1531.19
1651,Maestas-Grijalva SRL,1530.0,0.0,1530.0
4571,"Del Río, Lozano y Delvalle S. de H.",1529.49,0.0,1529.49
2650,Corrales de Carretero,1529.43,0.0,1529.43
512,Narváez de Ontiveros,1529.21,0.0,1529.21
1580,Benito y Monroy,1529.19,0.0,1529.19
2767,Guevara de Arteaga,1529.17,0.0,1529.17
1250,Delgado-Mata,1529.08,0.0,1529.08
4514,Elizondo-Santos y Flia.,1546.37,17.42,1528.95
4391,Verdugo de Galván SRL,1821.94,293.45,1528.49
4427,Batista-Córdova S. de H.,1527.24,0.0,1527.24
2985,Garay de Serra,1526.91,0.0,1526.91
515,Cornejo y Magaña,1524.75,0.0,1524.75
4840,Carrera-Lomeli,1524.26,0.0,1524.26
889,Frías de Casares,1524.0,0.0,1524.0
4896,Grupo Guzmán SA,1523.43,0.0,1523.43
3651,Mojica-Mateos e Hijos,1520.43,0.0,1520.43
2323,Esquibel-Rojas,1520.34,0.0,1520.34
3881,Espino-Bermúdez,1519.78,0.0,1519.78
718,Atencio de Delvalle SRL,1519.64,0.0,1519.64
2954,Irizarry y Rosario S. de H.,1517.39,0.0,1517.39
2569,Global Corona-Pérez,1517.29,0.0,1517.29
1300,Lira-Salinas,1516.92,0.0,1516.92
3808,Guardado-Font,1516.1,0.0,1516.1
954,Gestora Pacheco,1516.0,0.0,1516.0
3955,Grupo Luis e Hija,1514.56,0.0,1514.56
2874,Estrada y Castellano SA,1513.87,0.0,1513.87
2016,Viajes Delapaz SRL,2094.86,582.54,1512.32
1227,Espinosa-Camacho,1511.37,0.0,1511.37
2480,Zarate de Olivares,1509.42,0.0,1509.42
3439,Empresa Martí SA,3310.66,1803.15,1507.51
3582,Centro Rael y Flia.,1507.32,0.0,1507.32
4745,Air Ruíz,1506.76,0.0,1506.76
850,Corporación Villaseñor-Marcos,1505.92,0.0,1505.92
4229,Razo y Sevilla SA,1502.61,0.0,1502.61
4617,Ozuna de Oliva,1502.04,0.0,1502.04
3209,Grupo Dávila,2161.83,660.89,1500.94
2656,Castañeda-Miranda,1500.84,0.0,1500.84
3973,Asociación Paredes-Canales,1498.81,0.0,1498.81
435,Patiño de Mora y Asoc.,1496.45,0.0,1496.45
560,Corporación Villalpando-Hernando,1496.18,0.0,1496.18
3948,Centro Gil-Alcántar,1492.48,0.0,1492.48
600,Galán y Castro e Hijos,1492.44,0.0,1492.44
1818,Asociación Pedroza,1897.74,405.95,1491.79
1680,Gestora Prieto,1491.52,0.0,1491.52
2082,Soria y Mena y Flia.,1491.2,0.0,1491.2
3611,Huerta-Nájera y Asoc.,1490.41,0.0,1490.41
3680,Peña y Mascareñas e Hijo,2137.32,647.03,1490.29
4086,Gestora Garay,2667.73,1177.51,1490.22
3060,Grupo Lozada S. de H.,1489.82,0.0,1489.82
3099,Delagarza y Acosta SA,1488.1,0.0,1488.1
657,Acosta y Solano y Flia.,3360.87,1874.64,1486.23
1050,Casanova y Deleón y Flia.,1485.63,0.0,1485.63
1313,Vila-Canales,1485.12,0.0,1485.12
4368,Viajes Flores S. de H.,1484.1,0.0,1484.1
3257,Plaza y Laureano SA,1481.66,0.0,1481.66
547,Henríquez de Olivera e Hija,1778.94,297.8,1481.14
233,Salinas-Cervántez e Hijo,1480.6,0.0,1480.6
4113,Valdez y Alva,1479.75,0.0,1479.75
3742,Cazares de Morales e Hijos,1478.32,0.0,1478.32
3576,Grupo Rubio-Delrío,1477.3,0.0,1477.3
2524,Centro Guerrero-Narváez,1475.6,0.0,1475.6
1306,Empresa Robles,1475.46,0.0,1475.46
2061,Gestora Luque-Armendáriz,1475.43,0.0,1475.43
4134,Viajes Del Río-Olvera,1473.46,0.0,1473.46
363,"Campos, Fuentes y Ibáñez e Hijo",1473.29,0.0,1473.29
4508,Valle-Ávila,1700.76,228.08,1472.68
63,Cepeda y Viera,2126.39,655.85,1470.54
1804,Asociación Cervantes,1467.76,0.0,1467.76
2696,Fuentes de Rodríguez e Hijos,1467.02,0.0,1467.02
2725,Lerma-Ávila SA,1466.69,0.0,1466.69
330,Asociación Ibáñez,1463.7,0.0,1463.7
2127,Sotelo de Alvarado,1463.58,0.0,1463.58
1030,Noriega-Villegas,1462.59,0.0,1462.59
1200,"Moreno, Sánchez y Matos S. de H.",1454.06,0.0,1454.06
166,Malave de Calvo y Flia.,1453.97,0.0,1453.97
1000,Pascual de Alanis,1452.91,0.0,1452.91
2021,Santiago de Barrera e Hija,1680.46,228.4,1452.06
340,Grupo Barroso e Hijos,2191.18,739.37,1451.81
38,Verdugo y Duran e Hijo,1451.65,0.0,1451.65
2855,Alonso y Valadez,1449.9,0.0,1449.9
4155,Air Martí S. de H.,3370.94,1921.09,1449.85
61,Enríquez-Escalante S. de H.,1449.74,0.0,1449.74
4740,Bautista y Villaseñor y Flia.,2593.16,1143.57,1449.59
4304,Cedillo y Rocha,1449.58,0.0,1449.58
3987,Tirado y Barajas e Hijos,1448.75,0.0,1448.75
2025,Arroyo-Hernádez,1445.72,0.0,1445.72
236,Armendáriz y Prado,1445.61,0.0,1445.61
3891,Loya-Villareal e Hijo,1704.02,260.25,1443.77
2176,Prieto y Atencio SA,1543.22,100.7,1442.52
2072,Grupo Cruz,1442.32,0.0,1442.32
1761,Grupo Abad,1441.63,0.0,1441.63
4048,Barreto y Bueno e Hijos,1440.67,0.0,1440.67
2894,Loya y Reyes SA,1440.51,0.0,1440.51
3042,Navas y Toledo y Asoc.,3267.65,1827.54,1440.11
4446,Corporación Villanueva-Angulo,1440.05,0.0,1440.05
3552,Centro Zaragoza,1438.8,0.0,1438.8
1729,Montes-Santana,1438.79,0.0,1438.79
4700,Casares y Molina SA,1435.03,0.0,1435.03
478,Partida-Carmona,1641.76,207.5,1434.26
386,"Guerrero, Guardado y Alva y Flia.",1434.21,0.0,1434.21
342,Corporación Andrés-Marco,1431.62,0.0,1431.62
1557,Aguayo y Berríos SA,2398.14,967.61,1430.53
3537,Orozco y Navarrete,1428.43,0.0,1428.43
2216,Bahena-Villegas y Asoc.,1427.03,0.0,1427.03
1715,Prado de Díez,1749.95,323.06,1426.89
3612,Castro-Perales,1426.19,0.0,1426.19
1994,Ferrer de Garica,2373.04,948.01,1425.03
22,Viajes Irizarry e Hijos,1423.89,0.0,1423.89
502,Cantú-Esteban,1547.54,124.62,1422.92
1504,Global Otero e Hija,1422.67,0.0,1422.67
1500,"Pagan, Uribe y Portillo e Hija",1733.57,313.62,1419.95
2252,Serrato-Fajardo y Asoc.,1927.71,511.63,1416.08
506,Ocampo-Galindo e Hijo,1415.92,0.0,1415.92
3349,Corporación Romero y Flia.,1415.63,0.0,1415.63
3167,Chacón y Arias,1584.77,171.0,1413.77
3709,Empresa Vila-Velasco,1410.11,0.0,1410.11
4686,Alcala-Ruíz S. de H.,1408.32,0.0,1408.32
148,Villareal y Espinal SA,1406.42,0.0,1406.42
266,Saldivar y Romero S. de H.,1405.98,0.0,1405.98
4049,Zamudio y Bustos,1400.49,0.0,1400.49
2675,Antón y Montañez,1399.17,0.0,1399.17
4000,Gestora Tafoya,4185.49,2786.91,1398.58
3573,Rey y Blázquez e Hijo,2062.84,665.99,1396.85
544,Jaramillo de Cardona,1394.28,0.0,1394.28
240,Asociación Puente,1393.17,0.0,1393.17
3770,"Aguayo, Roldán y Guardado e Hijo",1390.61,0.0,1390.61
4360,Calero de Granados,2954.43,1563.86,1390.57
1831,Gallegos de Pizarro,1390.49,0.0,1390.49
2892,"Madera, Robledo y Saldaña S. de H.",1390.17,0.0,1390.17
4899,"Castaño, Centeno y Dávila y Flia.",1388.8,0.0,1388.8
3694,Grupo Sánchez e Hijo,1388.08,0.0,1388.08
1428,Orosco de Morán SA,3880.87,2493.43,1387.44
4132,Anguiano de Cavazos,1387.09,0.0,1387.09
2888,Costa de Partida,1386.08,0.0,1386.08
2449,Empresa Batista,1385.95,0.0,1385.95
3126,Centro Quiñónez,1385.8,0.0,1385.8
1061,León-Molina,1385.79,0.0,1385.79
2347,Grupo Rojas-Salazar,1383.64,0.0,1383.64
3598,Air Santillán-Yáñez,1382.78,0.0,1382.78
2421,Centro Gallegos,2842.67,1460.88,1381.79
4366,Viajes Serrato e Hijos,1381.0,0.0,1381.0
3550,Corporación Razo-Cuellar,1380.13,0.0,1380.13
3448,Posada-Lucio,1379.07,0.0,1379.07
1784,Tejeda de Maestas y Asoc.,1378.14,0.0,1378.14
4579,Pons-Delgado e Hijos,2612.28,1234.26,1378.02
539,Viajes Olivas-Martí,1375.93,0.0,1375.93
1167,Terrazas de Izquierdo,1719.96,345.25,1374.71
4381,Empresa Ojeda,1373.49,0.0,1373.49
3185,Martí-Madrid,1805.54,433.6,1371.94
1865,Navas-Centeno,1371.73,0.0,1371.73
772,Empresa Yáñez y Flia.,1364.55,0.0,1364.55
390,Empresa Delagarza e Hijo,2332.36,970.21,1362.15
4405,Esquivel y Tovar SA,1361.32,0.0,1361.32
986,Bueno-Carretero,3349.57,1988.32,1361.25
2621,Huerta y Cotto,2475.52,1115.02,1360.5
2901,"Robledo, Sánchez y Rangel e Hijos",1360.45,0.0,1360.45
1199,Corporación Benito-Figueroa,1360.06,0.0,1360.06
2905,Viajes Castellano,3000.66,1640.67,1359.99
3578,Asociación Izquierdo,1359.19,0.0,1359.19
2210,Bermúdez-Palacios,1359.09,0.0,1359.09
4228,Corporación Villagómez e Hijo,1358.8,0.0,1358.8
3473,Duran-Guajardo e Hija,1356.76,0.0,1356.76
1122,Expósito-Rivero,1356.56,0.0,1356.56
3613,Malave de Ibarra,1354.14,0.0,1354.14
2429,Anguiano-Yáñez e Hija,1353.52,0.0,1353.52
35,Corporación Más y Asoc.,1601.29,248.61,1352.68
2616,Escribano-Peres,3112.33,1760.31,1352.02
41,Riojas de Rodríquez y Asoc.,1934.36,583.27,1351.09
3892,Global Quiñónez,1873.26,522.62,1350.64
114,Caro y Juan e Hija,1350.5,0.0,1350.5
3030,Centro Colunga,1350.32,0.0,1350.32
3777,Viajes Solorzano e Hijo,1349.56,0.0,1349.56
3172,Ruvalcaba-Rey e Hija,1349.33,0.0,1349.33
1307,Empresa Cárdenas,1348.75,0.0,1348.75
2869,Viajes Juan,1346.61,0.0,1346.61
647,Ballesteros y Treviño,1346.05,0.0,1346.05
1259,Castellanos-Ramón SRL,1343.98,0.0,1343.98
3093,Jaime-Núñez y Asoc.,1343.93,0.0,1343.93
2331,Arias de Villarreal e Hija,1343.23,0.0,1343.23
4867,Hernándes y Mares,2238.25,895.52,1342.73
4761,Gestora Cabán S. de H.,1339.37,0.0,1339.37
1885,Grupo Godínez,1336.67,0.0,1336.67
3790,Llamas y Roybal S. de H.,1336.3,0.0,1336.3
732,Centro Villarreal-Portillo,1336.23,0.0,1336.23
4063,Calvo-Trejo SRL,1335.71,0.0,1335.71
4172,Moral y Redondo,1399.34,64.55,1334.79
2139,Guardado-Pascual SA,1334.36,0.0,1334.36
4723,Escobar-Tórrez S. de H.,1332.04,0.0,1332.04
1038,Centro Santos,1330.19,0.0,1330.19
1499,Asociación Valdivia-Soler,1330.04,0.0,1330.04
1112,Viajes Barajas y Flia.,1526.92,199.65,1327.27
4067,Rodríguez y Osorio,1327.07,0.0,1327.07
2745,Niño y Laureano SA,1326.82,0.0,1326.82
4784,Téllez de Ávalos e Hija,1326.46,0.0,1326.46
3389,Trejo-Hernándes y Asoc.,1325.22,0.0,1325.22
4956,Corporación Serra SA,1324.34,0.0,1324.34
1026,Polo y Deleón,1557.5,233.45,1324.05
3540,Serna de Trujillo,3060.84,1738.27,1322.57
3645,Empresa Ledesma,1556.84,234.35,1322.49
3893,"Valverde, Colunga y Luevano e Hijos",1395.13,74.88,1320.25
4814,Centro Lovato SRL,1320.22,0.0,1320.22
4262,"Guerra, Tello y Vergara SRL",1318.35,0.0,1318.35
4637,Centro De la Torre,2198.14,881.39,1316.75
3085,Benítez y Ballesteros,1315.63,0.0,1315.63
90,Arredondo-Bravo y Flia.,1315.51,0.0,1315.51
1031,Peres y Polanco S. de H.,1315.47,0.0,1315.47
4682,Canales de Trejo S. de H.,1314.21,0.0,1314.21
2965,Asociación Cano y Flia.,1314.2,0.0,1314.2
3243,Asociación Velásquez,1312.4,0.0,1312.4
1001,Sauceda de Yáñez,1311.78,0.0,1311.78
1832,Corporación Granado SRL,1309.76,0.0,1309.76
4934,Roybal y Abreu,1309.28,0.0,1309.28
2969,Grupo Pedroza SA,1308.65,0.0,1308.65
1795,Asociación Limón,1306.35,0.0,1306.35
3497,Oliva y Valadez SRL,1306.01,0.0,1306.01
70,Empresa Cavazos SA,2533.12,1228.85,1304.27
3678,Corporación Maldonado-Luevano,1303.18,0.0,1303.18
1195,Romo-Hernández,1302.96,0.0,1302.96
1128,Empresa Cortez y Asoc.,1299.18,0.0,1299.18
1278,Almonte-Blázquez y Asoc.,1297.49,0.0,1297.49
4551,Vázquez de Pedraza e Hija,1296.79,0.0,1296.79
3571,Air Arellano-Barrientos,1865.83,569.16,1296.67
3931,Anguiano de Valadez,1293.77,0.0,1293.77
1068,Asociación Ávalos-Blázquez,1293.23,0.0,1293.23
3720,Corporación Regalado SA,1291.3,0.0,1291.3
3011,Guajardo-Caro,1290.59,0.0,1290.59
3585,Ríos y Tijerina,1534.35,245.98,1288.37
170,Casillas de Meraz,3143.77,1855.68,1288.09
4556,Centro Otero,1720.62,433.14,1287.48
3767,Salcedo y Prado SRL,1284.86,0.0,1284.86
4689,Raya-Prieto,1282.39,0.0,1282.39
4102,Duran-Mesa,1280.45,0.0,1280.45
2693,Atencio-Llamas,2893.08,1614.05,1279.03
1930,"Hernádez, Alonzo y Madrid e Hija",1278.01,0.0,1278.01
4460,Arroyo-Díez SA,1277.24,0.0,1277.24
740,Air Aguado-Calderón,1275.05,0.0,1275.05
1888,Benavides y Saucedo,1898.28,624.53,1273.75
3039,Tijerina y Linares,1273.45,0.0,1273.45
4935,Plaza y Nevárez y Flia.,1273.43,0.0,1273.43
4989,Cintrón-Moral,1272.42,0.0,1272.42
18,Ros y Piña y Asoc.,2207.53,935.45,1272.08
3260,Miramontes-Riera,1271.37,0.0,1271.37
4973,Garibay de Puig,1271.19,0.0,1271.19
708,Valenzuela y Aragón e Hijo,1271.17,0.0,1271.17
2593,Tapia y Córdoba y Flia.,1267.2,0.0,1267.2
1099,López-Ojeda e Hija,1266.69,0.0,1266.69
1854,Domenech y Reynoso SA,1265.39,0.0,1265.39
2029,Viajes Enríquez,1264.09,0.0,1264.09
4541,Asociación Palacios SRL,1263.32,0.0,1263.32
354,Cortés-Luis,1263.11,0.0,1263.11
4659,Bernal de Jaime e Hija,1262.88,0.0,1262.88
1643,Mascareñas y Badillo y Flia.,1372.23,109.73,1262.5
1377,Pizarro-Amaya,1815.26,560.91,1254.35
1791,"Girón, Yáñez y León e Hijo",1251.46,0.0,1251.46
186,Escobar-Granado S. de H.,1251.43,0.0,1251.43
3530,Nieto y Silva,1251.36,0.0,1251.36
2779,Costa-Padrón,1251.18,0.0,1251.18
1677,Air Henríquez,1757.12,509.81,1247.31
774,Asociación Rosado,1245.77,0.0,1245.77
662,Becerra y Ulloa SRL,1244.57,0.0,1244.57
1474,Tamez-Clemente,1242.65,0.0,1242.65
1823,Zapata y Merino S. de H.,2238.17,996.05,1242.12
242,Corona y Malave e Hija,1241.39,0.0,1241.39
4450,Sola de Ballesteros,1734.94,493.77,1241.17
4051,"Casas, Rosas y Partida e Hijo",1240.71,0.0,1240.71
703,Air Posada e Hija,1238.6,0.0,1238.6
2774,Terán de Díez,2426.13,1188.24,1237.89
16,Limón-Conde,1237.55,0.0,1237.55
1210,Salcido de Guillen e Hijos,1235.67,0.0,1235.67
2769,Alba-Verdugo e Hija,1234.57,0.0,1234.57
4851,Arribas-Covarrubias,1234.19,0.0,1234.19
3815,Grupo Barrientos SRL,1233.2,0.0,1233.2
46,Pineda y Escamilla,1232.87,0.0,1232.87
2639,Anaya de Gaytán y Flia.,1365.88,133.32,1232.56
174,Empresa Valle-Razo,1231.84,0.0,1231.84
1429,Asociación Villa y Asoc.,1231.65,0.0,1231.65
4425,Ramírez y Delacrúz y Asoc.,2836.08,1605.35,1230.73
4041,Martí y Arredondo,1230.71,0.0,1230.71
152,"Olivo, Navarrete y Marrero e Hijo",1228.62,0.0,1228.62
1635,Viajes Figueroa,2309.82,1084.25,1225.57
1996,"Benavides, Villareal y Martí y Flia.",1225.42,0.0,1225.42
503,Manzano y Caballero,1224.53,0.0,1224.53
4176,Gurule de Niño,2979.99,1757.64,1222.35
1961,Carretero-Montero y Asoc.,1221.92,0.0,1221.92
4288,Calvo-Ordóñez e Hijos,1489.5,268.58,1220.92
1701,"Zaragoza, Porras y Montañez y Asoc.",1220.57,0.0,1220.57
1546,Alva-Sandoval,1218.78,0.0,1218.78
4072,Saldivar y Costa y Asoc.,1217.73,0.0,1217.73
723,Viajes Correa S. de H.,1217.53,0.0,1217.53
1152,Guillen de Hernádez SA,1217.14,0.0,1217.14
2811,"Munguía, Rolón y Mendoza e Hijo",3454.86,2238.69,1216.17
2919,Altamirano de Varela,1213.97,0.0,1213.97
2087,Zapata y Tapia y Flia.,1311.0,97.62,1213.38
1590,Alarcón y Ramírez SRL,1903.14,690.39,1212.75
4351,Cárdenas y Zambrano y Flia.,1211.35,0.0,1211.35
3245,"Mayorga, Jurado y Vicente y Asoc.",1209.91,0.0,1209.91
3500,Orozco y Valle,1475.08,266.26,1208.82
3122,Guerra-Girón e Hijo,1208.76,0.0,1208.76
3226,Concepción y Córdova SRL,1207.94,0.0,1207.94
517,Corporación Arevalo,1205.83,0.0,1205.83
2436,Empresa Quintanilla-Melgar,2353.45,1147.95,1205.5
4256,Acosta de Tirado e Hijo,1203.22,0.0,1203.22
1098,Carrero-Mora e Hija,1203.09,0.0,1203.09
3899,Global Vergara-Gaitán,1202.52,0.0,1202.52
3273,Viajes Jaramillo,1477.19,274.97,1202.22
2236,"Molina, Valverde y Gámez e Hijos",1199.27,0.0,1199.27
4960,Gil de Valdez y Flia.,2270.41,1072.31,1198.1
373,Rico y Miramontes,1197.0,0.0,1197.0
3952,Empresa Esteve,1195.39,0.0,1195.39
1727,Rueda y Quintana SA,1191.68,0.0,1191.68
4082,Villarreal-Montero SA,1191.5,0.0,1191.5
4599,Santacruz-Ontiveros y Flia.,1190.65,0.0,1190.65
3089,"Blasco, Salcedo y Mireles y Flia.",1185.89,0.0,1185.89
223,Viajes Escribano y Asoc.,2360.97,1175.25,1185.72
3675,Corporación Delarosa,1183.99,0.0,1183.99
1674,Montalvo de Roque e Hija,1183.9,0.0,1183.9
3599,Centro Santana S. de H.,2540.83,1357.73,1183.1
1279,Pedroza-De Anda,1901.06,719.13,1181.93
3441,Bermejo de Alfonso e Hijo,1515.22,334.88,1180.34
3721,Villalba-Castillo,1180.33,0.0,1180.33
3334,Vázquez de Cordero,1627.39,447.56,1179.83
947,Blázquez y Salgado,1358.34,179.88,1178.46
2358,Oliva-Navas,1177.92,0.0,1177.92
749,Colón y Miguel y Asoc.,1177.31,0.0,1177.31
1932,Viajes Garrido,1174.61,0.0,1174.61
3590,Viajes Alanis e Hijos,1173.21,0.0,1173.21
2942,Franco y Garica,2631.4,1458.23,1173.17
3416,Grupo Armendáriz y Asoc.,1170.42,0.0,1170.42
1562,Luján de Ponce y Asoc.,1168.45,0.0,1168.45
3162,Zavala-Cuenca S. de H.,1164.07,0.0,1164.07
928,Air Méndez,1164.03,0.0,1164.03
1725,Empresa Paredes-Jáquez,1163.22,0.0,1163.22
2982,Global De la Cruz,1524.25,361.33,1162.92
4105,Méndez-Mireles SRL,1918.75,756.35,1162.4
42,Pagan y Rael S. de H.,1161.76,0.0,1161.76
4808,Mondragón-Terrazas,1157.79,0.0,1157.79
2950,Zambrano y Mejía,1155.43,0.0,1155.43
715,"Trujillo, Reyna y Jáquez y Flia.",2301.98,1150.29,1151.69
2501,Air Rentería y Flia.,1486.64,335.43,1151.21
4376,Grupo Garibay,1148.59,0.0,1148.59
4811,Arreola de Riera y Flia.,1738.22,589.73,1148.49
4706,Jurado y Contreras SA,2084.99,937.73,1147.26
2880,"Haro, Corona y Antón y Flia.",1145.44,0.0,1145.44
463,Garza de Olivo SA,1145.16,0.0,1145.16
377,Gestora Palomo,1145.15,0.0,1145.15
3945,"Jimínez, Mora y Ybarra y Asoc.",1142.41,0.0,1142.41
4895,Air Martín-Pedroza,1141.69,0.0,1141.69
4002,Tapia-Duarte SA,1542.44,401.06,1141.38
4315,Ozuna-Molina e Hijos,2493.37,1352.79,1140.58
3976,Arevalo-Ríos,1274.58,134.58,1140.0
1405,Carranza y Loya,1139.88,0.0,1139.88
3626,Carrillo-Cornejo e Hija,1501.57,361.71,1139.86
1380,Muñiz-Téllez,1220.85,82.26,1138.59
538,Echevarría y Alemán e Hijos,1134.75,0.0,1134.75
2520,Jaramillo-Delrío SRL,1134.26,0.0,1134.26
402,Negrón y Garay S. de H.,1827.57,693.9,1133.67
873,Gestora Feliciano,1133.59,0.0,1133.59
1639,Narváez y Véliz y Flia.,1131.41,0.0,1131.41
2611,Cobo y Nazario y Flia.,1131.41,0.0,1131.41
2205,"Montero, Romero y Solorzano SRL",1284.53,154.64,1129.89
4534,Jiménez-Olvera,1129.78,0.0,1129.78
1949,Carrasco de Leiva e Hijo,2679.3,1551.96,1127.34
1847,Asociación Nieto-Báez,1126.72,0.0,1126.72
4958,Regalado-Cortés,1126.27,0.0,1126.27
2834,Rosas-Casas y Asoc.,1126.18,0.0,1126.18
3313,Jasso-Nava e Hijos,2781.17,1655.25,1125.92
206,Global Loera-Maestas,1676.64,551.55,1125.09
3102,Ruelas y Noriega SRL,1123.49,0.0,1123.49
15,Alarcón-Blasco SRL,2833.1,1710.05,1123.05
2678,Viajes Aguilera,1857.23,734.95,1122.28
1808,"Amador, Polanco y Méndez SA",1120.44,0.0,1120.44
3410,"Aguilar, Balderas y Nieves y Flia.",1120.05,0.0,1120.05
2106,Global Valdez e Hijos,1709.85,589.81,1120.04
4292,Cabello-Millán SA,1119.71,0.0,1119.71
327,Barroso-Ulloa,1286.27,167.6,1118.67
1817,Tapia-Costa SRL,1117.34,0.0,1117.34
3287,Rojas-Pelayo,1117.12,0.0,1117.12
4296,Román-Puente e Hijo,1116.86,0.0,1116.86
2287,"Salazar, Saldivar y Ordoñez S. de H.",1116.76,0.0,1116.76
2674,Polo de Barreto e Hija,2493.65,1377.81,1115.84
1609,"Robles, Curiel y Farías e Hijo",2367.14,1251.42,1115.72
3360,Air Bañuelos,1648.65,533.27,1115.38
4726,"Reyna, Villalba y Alanis y Asoc.",1113.9,0.0,1113.9
1145,Calderón-Abad y Asoc.,1772.22,658.89,1113.33
1605,Armendáriz-Sepúlveda e Hijo,1113.05,0.0,1113.05
2100,Empresa Laureano y Flia.,1153.49,41.63,1111.86
799,Lucas de Sisneros,1111.54,0.0,1111.54
491,Paz de Mayorga SRL,1111.26,0.0,1111.26
3713,Corporación Montez,2088.72,977.77,1110.95
1133,Mendoza y Flores e Hija,1110.55,0.0,1110.55
182,Viajes Guajardo-Leyva,1110.11,0.0,1110.11
411,Air Guerrero,1110.04,0.0,1110.04
953,Domingo de Cotto,1108.43,0.0,1108.43
2649,Empresa Font-Roque,1108.0,0.0,1108.0
2633,Empresa Ozuna,1103.58,0.0,1103.58
4027,Asociación Espinoza-Colón,1102.84,0.0,1102.84
2842,Air Bahena,1225.29,125.1,1100.19
1765,Valdivia y Soler S. de H.,1099.83,0.0,1099.83
4467,Treviño-Gutiérrez SRL,1098.31,0.0,1098.31
3391,Palomo de Venegas,1096.92,0.0,1096.92
760,Pons de Oliver,1323.07,229.75,1093.32
4705,Grupo Posada-Escalante,1091.19,0.0,1091.19
3635,De Anda de Bustos,1090.83,0.0,1090.83
1868,Air Moreno y Flia.,1089.8,0.0,1089.8
2741,Viajes Marroquín y Asoc.,1089.36,0.0,1089.36
4716,Air Otero e Hija,1089.13,0.0,1089.13
4506,Rivero-Hidalgo,1086.66,0.0,1086.66
3295,Delagarza de Orta SA,1086.21,0.0,1086.21
3180,Fernández y Santos SRL,1084.87,0.0,1084.87
3934,Moral-Roque e Hija,1588.7,504.33,1084.37
4707,"Flores, Cervántez y Polo e Hijos",1083.25,0.0,1083.25
2622,Grupo Cabán SA,1083.22,0.0,1083.22
1918,Grupo Más e Hijo,1082.62,0.0,1082.62
2019,"Navarrete, Pons y Cuenca SRL",1081.5,0.0,1081.5
2292,Empresa Pineda,1080.3,0.0,1080.3
171,"Mireles, Cuellar y Juárez e Hijo",1078.13,0.0,1078.13
4319,Viajes Alejandro SRL,2168.43,1091.62,1076.81
1198,Global Parra,1071.66,0.0,1071.66
3068,"Navas, Noriega y Madrid e Hijos",1071.53,0.0,1071.53
3051,Urbina de Macías,1071.13,0.0,1071.13
2267,Gestora Monroy,2671.31,1601.46,1069.85
3796,Viajes Bravo-Asensio,2104.82,1036.54,1068.28
4345,Grupo Molina-Valle,1395.2,327.03,1068.17
885,Grupo Hidalgo,1067.85,0.0,1067.85
676,Castillo-Haro,2471.27,1403.95,1067.32
2683,Muñiz de Montaño,1316.19,249.63,1066.56
692,Soto-Raya,1066.5,0.0,1066.5
3620,Air Guillen-Moya,1066.46,0.0,1066.46
3240,Gestora Chacón-Cadena,1744.4,678.45,1065.95
2890,Ozuna-Bermejo,1065.55,0.0,1065.55
2209,Hernando de Hinojosa,1064.86,0.0,1064.86
3712,Arce y Cardona,1063.13,0.0,1063.13
728,Grupo Sancho SA,1061.99,0.0,1061.99
1826,Del Río de Palacios,1060.39,0.0,1060.39
1810,Luevano-Clemente,1059.62,0.0,1059.62
3536,Becerra de Camacho SA,1059.12,0.0,1059.12
131,Palomo y Venegas S. de H.,1058.42,0.0,1058.42
2860,Orta y Deleón,1274.01,216.17,1057.84
1927,Global Verdugo y Asoc.,1744.01,687.32,1056.69
2086,Beltrán y Sevilla S. de H.,1056.57,0.0,1056.57
2948,"Rey, Ornelas y Olivo S. de H.",1056.21,0.0,1056.21
1928,Suárez de Regalado y Asoc.,2247.3,1191.87,1055.43
2878,Domenech de Lira,2831.12,1776.74,1054.38
1755,Global Macías SA,1053.95,0.0,1053.95
2861,Asociación Ojeda-Vidal,1053.68,0.0,1053.68
1614,Asociación Casado,1051.38,0.0,1051.38
374,Cantú y Magaña,1050.5,0.0,1050.5
2671,Pascual-Más y Asoc.,1049.25,0.0,1049.25
1629,Duran-Peláez y Flia.,1046.3,0.0,1046.3
1110,Noriega-Saiz,1045.64,0.0,1045.64
1510,Global Bravo,1045.02,0.0,1045.02
4205,Parra-Jimínez,2883.13,1838.16,1044.97
1922,Roybal y Regalado,1043.46,0.0,1043.46
3940,Mora-Serrato SA,1043.43,0.0,1043.43
362,Cruz-Vargas y Asoc.,1040.37,0.0,1040.37
3817,Delao de Reyes,1040.02,0.0,1040.02
299,Casado-Muro SA,1537.2,498.58,1038.62
3632,Soliz-Oliva e Hijos,1068.65,30.65,1038.0
4465,"Núñez, Medina y Iglesias S. de H.",1232.58,196.23,1036.35
3581,Air Saucedo,1035.69,0.0,1035.69
3454,Viajes Rodarte,1034.54,0.0,1034.54
3350,Carvajal y Naranjo,1031.19,0.0,1031.19
4448,Barraza-Soler,1797.83,767.59,1030.24
905,Valadez y Quiñones y Flia.,1029.11,0.0,1029.11
4836,Grupo Arenas y Asoc.,1029.1,0.0,1029.1
3614,Solorio y Salas,1478.2,451.39,1026.81
2503,Centro Abreu-Mares,1025.88,0.0,1025.88
2750,Galindo de Carbonell,1969.31,943.7,1025.61
3206,Bermúdez-Borrego SRL,1025.3,0.0,1025.3
1955,Asociación Cornejo-Pardo,1025.17,0.0,1025.17
3012,Gestora Vélez SRL,1024.05,0.0,1024.05
1461,Haro-Navarro e Hija,1023.56,0.0,1023.56
3373,Bautista-Zambrano y Asoc.,1098.69,75.84,1022.85
866,Melgar de Longoria,2336.78,1314.1,1022.68
1162,Lomeli y Amaya e Hijos,1022.45,0.0,1022.45
4171,Atencio y Barrios,1022.27,0.0,1022.27
4231,Rey y Verdugo,1022.19,0.0,1022.19
4100,Gestora Solorio-Toro,1601.79,580.78,1021.01
1289,Asociación Armendáriz-Alejandro,1020.27,0.0,1020.27
964,"Cabello, Valentín y Pedraza e Hijo",1018.52,0.0,1018.52
484,Saldaña de Guzmán SRL,1016.78,0.0,1016.78
2961,"Cuevas, Terrazas y Arevalo SA",1015.85,0.0,1015.85
1196,Almaráz y Arreola y Asoc.,1015.08,0.0,1015.08
3775,Andrés y Maya e Hijos,1014.41,0.0,1014.41
3819,Ponce-Caraballo,1014.02,0.0,1014.02
1435,"Sáenz, Rivas y Roque SA",2768.71,1755.7,1013.01
1362,Grupo Ocasio,1044.35,33.42,1010.93
1758,Quintana de Pastor SRL,1521.05,510.14,1010.91
4709,Nazario de Lovato,1010.54,0.0,1010.54
761,"Fonseca, Antón y Rodrigo e Hijos",1010.4,0.0,1010.4
966,Grupo Armas e Hijo,1007.89,0.0,1007.89
1453,Mercado-Marín SRL,1007.26,0.0,1007.26
2486,Palomo-Quintanilla SA,1143.74,138.34,1005.4
2381,Viajes Estrada-Córdoba,1004.56,0.0,1004.56
454,López de Benavídez,1004.03,0.0,1004.03
4011,Global Rivas S. de H.,1003.38,0.0,1003.38
3092,Corporación Heredia,999.78,0.0,999.78
2591,Esquibel y Santana e Hija,1767.67,768.23,999.44
4122,Esquivel de Domínquez,1251.22,252.97,998.25
563,Valles de Valero SRL,997.94,0.0,997.94
1567,Cazares-Vallejo S. de H.,997.72,0.0,997.72
2408,Cabello de Ceballos,996.51,0.0,996.51
1379,Canales de Roybal y Asoc.,994.42,0.0,994.42
3643,"Rivero, Roig y Manzano e Hija",993.63,0.0,993.63
4888,"Benítez, Escribano y Duarte e Hijo",990.93,0.0,990.93
3143,Vega y Salazar SRL,1787.96,797.67,990.29
907,Collado de Solís,990.13,0.0,990.13
4550,"Varela, Solano y Garrido e Hijo",988.17,0.0,988.17
4184,Corporación Ocampo,987.77,0.0,987.77
4886,Gestora López y Asoc.,1124.25,136.52,987.73
4152,Corporación Pereira,3167.0,2179.53,987.47
300,Mota-Román e Hijo,986.99,0.0,986.99
4442,Ávalos-Rojas,984.89,0.0,984.89
2208,Llorente y Urrutia,984.52,0.0,984.52
34,Grupo Alba,980.95,0.0,980.95
3406,Oliva-Gimeno y Flia.,980.41,0.0,980.41
31,Centro Reyes S. de H.,979.79,0.0,979.79
1786,Empresa Portillo-Matías,979.4,0.0,979.4
3574,Viajes Galván y Asoc.,978.55,0.0,978.55
3411,Caballero de Briones,3351.07,2372.59,978.48
3692,Reynoso-Alba y Asoc.,978.08,0.0,978.08
2665,Abrego y Escalante y Asoc.,977.28,0.0,977.28
4238,Cordero de Ruiz e Hija,977.14,0.0,977.14
4768,Alemán de Meza,1810.78,833.88,976.9
2989,Grupo Zelaya-Otero,2054.96,1078.85,976.11
2119,"Palomo, Armas y Rueda S. de H.",1278.82,304.65,974.17
4570,Báez-Mesa,973.88,0.0,973.88
4841,Bahena y Abreu,972.46,0.0,972.46
58,Global De la Torre-Escribano,972.12,0.0,972.12
259,Gurule y Marcos,968.46,0.0,968.46
2012,Garza-Cavazos y Flia.,966.62,0.0,966.62
4237,Corporación Solorzano S. de H.,965.24,0.0,965.24
2553,Marcos y Cabán y Asoc.,1353.54,388.51,965.03
1090,Vila de Asensio y Flia.,1802.56,837.85,964.71
279,Banda-Castro e Hijo,1225.44,260.75,964.69
984,Garza y Arroyo y Asoc.,1383.88,419.5,964.38
4080,Garica de Castillo y Asoc.,4160.38,3196.45,963.93
995,Global Peláez y Flia.,1738.53,777.74,960.79
4007,Flórez-Garza,960.12,0.0,960.12
123,Gestora Solano e Hijos,959.91,0.0,959.91
3321,Bustos de Montalvo,959.06,0.0,959.06
260,Téllez de Esteve,2305.18,1346.15,959.03
4284,Treviño y Saldivar y Flia.,3378.45,2420.85,957.6
3619,Medina de Montero e Hijo,2664.33,1706.86,957.47
2177,Centro Marroquín-Moya,957.46,0.0,957.46
2341,Grupo Santana e Hijo,1303.98,347.39,956.59
3222,Menchaca y Sancho e Hijo,956.49,0.0,956.49
3689,Samaniego de Leiva y Flia.,956.24,0.0,956.24
2113,Oliva-Vélez y Asoc.,954.86,0.0,954.86
4842,"Lucero, Nieves y Gimeno e Hija",954.59,0.0,954.59
2452,Asociación Gálvez,1432.82,478.91,953.91
3331,Centro Reyes,953.15,0.0,953.15
4959,Pardo-Expósito SA,1216.87,264.34,952.53
3367,Gestora Ocampo-Montenegro,2178.21,1225.89,952.32
1347,Cervántez-Solano,951.06,0.0,951.06
4523,Sáenz y Delarosa,950.75,0.0,950.75
2818,Centro Guevara-Cordero,1017.95,67.73,950.22
205,Asociación Alarcón-Rosa,1766.09,817.01,949.08
3188,"Calvillo, Del Río y Raya SRL",2918.66,1971.18,947.48
3565,Solorio de Madrigal,1249.27,302.28,946.99
2970,Briseño-Salinas SRL,946.77,0.0,946.77
1688,Carbonell y Montero,944.6,0.0,944.6
193,Global Tapia e Hija,943.3,0.0,943.3
1076,Viajes Garay,1482.91,540.06,942.85
1322,Antón de Collado S. de H.,942.09,0.0,942.09
4661,Cardona y Herrero e Hijos,941.09,0.0,941.09
3480,"Santacruz, Lorente y Marroquín y Asoc.",1865.38,924.39,940.99
4219,Apodaca-Toledo y Flia.,2239.52,1299.45,940.07
4486,Saldaña de Pagan,939.99,0.0,939.99
4749,Ibáñez-Monroy,937.87,0.0,937.87
4169,"Sanz, Alfaro y Sepúlveda y Asoc.",936.63,0.0,936.63
4361,Luján de Pabón e Hijo,935.3,0.0,935.3
4681,Barela y Aguirre y Flia.,935.18,0.0,935.18
4181,Empresa Andreu S. de H.,934.86,0.0,934.86
1638,Asociación Verdugo,1608.55,674.0,934.55
3983,"Cordero, Lorenzo y Galindo e Hijos",934.45,0.0,934.45
734,Asociación Martínez-Zarate,933.05,0.0,933.05
4879,Corporación Delrío,932.63,0.0,932.63
3461,Valdés de Palomino,931.36,0.0,931.36
1427,Valle de Quesada y Asoc.,1634.43,703.6,930.83
2441,Valdés-Miramontes,1872.64,941.99,930.65
1848,Huerta-Toledo,2573.95,1643.69,930.26
1450,Arreola y Montoya,930.23,0.0,930.23
4947,"Sanabria, Guardado y Valladares e Hijos",1706.44,778.57,927.87
3655,Corporación Redondo,927.33,0.0,927.33
2401,Ibáñez-Calderón,926.86,0.0,926.86
4831,"Ibáñez, Meraz y Estévez y Flia.",1457.78,531.17,926.61
2738,"Rico, Caldera y Riera e Hija",926.24,0.0,926.24
4613,Cuenca de Escalante S. de H.,925.18,0.0,925.18
2608,Centro Rey e Hijo,924.89,0.0,924.89
551,Andreu-Carvajal,924.0,0.0,924.0
1479,Gestora Sáenz-Abrego,1801.32,878.03,923.29
1676,Verdugo y Rascón y Flia.,1514.97,592.0,922.97
2660,Badillo-Nájera e Hija,921.21,0.0,921.21
4331,Grupo Flórez y Asoc.,2820.49,1899.7,920.79
965,Pichardo-Lugo,2801.61,1881.46,920.15
3302,Robles de Plaza,920.12,0.0,920.12
2685,Luna de De la Torre,919.83,0.0,919.83
111,Corporación Ruelas-Solano,2191.25,1272.04,919.21
2183,Carranza de Tórrez,918.03,0.0,918.03
4053,Saldivar-Cornejo SA,1088.77,171.09,917.68
2897,Grupo Crespo-Hernádez,1212.69,297.17,915.52
4060,Arguello de Ulloa,1728.68,813.28,915.4
4340,Fernández de Agosto e Hijo,2340.88,1426.78,914.1
3019,"Altamirano, Hinojosa y Angulo e Hijo",913.58,0.0,913.58
274,Díaz-Beltrán SA,1005.47,92.83,912.64
2063,Sánchez-Ceja,1048.35,135.99,912.36
1071,Raya y Montoya e Hijo,910.7,0.0,910.7
496,Lozano de Caraballo,2557.66,1648.29,909.37
1165,Ordóñez y Banda SA,908.78,0.0,908.78
49,"Pagan, Escribano y Muro e Hija",1241.36,333.87,907.49
3966,"Ortíz, Delapaz y Venegas SRL",906.72,0.0,906.72
3025,"Portillo, Valles y Soliz S. de H.",1222.95,317.04,905.91
981,Acevedo-Téllez,905.45,0.0,905.45
1872,Corporación Cobo y Asoc.,904.82,0.0,904.82
2026,Air Piñeiro-Cantú,1445.36,542.61,902.75
406,Corporación Armenta-Apodaca,902.58,0.0,902.58
2488,Puga-León e Hija,901.99,0.0,901.99
3479,Abrego de Prieto,901.94,0.0,901.94
2261,"Campos, Tijerina y Concepción SA",2573.16,1671.55,901.61
1940,Cuesta-Valero,1175.99,274.45,901.54
2268,Betancourt y Briones S. de H.,1280.32,378.8,901.52
2125,Esteve de Rivero S. de H.,901.36,0.0,901.36
3339,Carbajal de Orosco y Flia.,901.09,0.0,901.09
3596,Cisneros y Matías,900.06,0.0,900.06
2306,"De Jesús, Cuesta y Ocampo SA",1518.67,619.37,899.3
5000,Asociación Guillen-Escribano,897.07,0.0,897.07
1028,Carreón de Cárdenas,896.05,0.0,896.05
2333,Miguel de Marco y Asoc.,1042.63,146.73,895.9
3100,Morales de Delacrúz SRL,895.1,0.0,895.1
1824,Osorio-Girón e Hijo,894.59,0.0,894.59
4505,Arenas y Pedroza,893.88,0.0,893.88
2470,Cortés de Pardo,890.91,0.0,890.91
2662,Raya de Collazo y Asoc.,887.99,0.0,887.99
268,Becerra-García,1840.11,953.07,887.04
2296,Lemus y Esparza SA,976.87,91.71,885.16
66,Empresa Ontiveros SA,884.32,0.0,884.32
1792,Pastor de Valladares S. de H.,1334.89,450.75,884.14
1953,Air Llorente,1678.76,795.93,882.83
3183,Grupo Pacheco-Gil,882.36,0.0,882.36
3855,Corporación Marcos SRL,881.27,0.0,881.27
437,Caballero-Álvarez,1795.37,915.29,880.08
4586,Gestora Godínez-Córdoba,879.63,0.0,879.63
82,Araña-Meza,878.73,0.0,878.73
552,Matías-León e Hijo,878.72,0.0,878.72
1954,Andrés y Prieto,2298.55,1421.96,876.59
498,Empresa Acosta e Hija,874.67,0.0,874.67
1329,Grupo Sisneros e Hijos,2867.85,1993.75,874.1
3369,Carreón y Vélez y Asoc.,872.43,0.0,872.43
759,"Arreola, Delagarza y Casares e Hijo",1079.46,207.48,871.98
1230,Menéndez y Cervántez SRL,871.96,0.0,871.96
1517,Maestas-Pizarro,1994.31,1124.07,870.24
3738,Asociación Carrasco e Hijos,870.02,0.0,870.02
2161,Asociación Borrego-Espinoza,869.85,0.0,869.85
1740,Montoya y Téllez,869.58,0.0,869.58
2033,Pineda-Martínez SA,869.14,0.0,869.14
4490,Galindo y Mascareñas,866.82,0.0,866.82
838,Centro Ureña-Armijo,2491.72,1624.95,866.77
3303,"Ordóñez, Archuleta y Llamas e Hijo",865.94,0.0,865.94
1973,Viajes Viera,864.94,0.0,864.94
2654,Quintanilla y Delafuente,861.66,0.0,861.66
3762,Ramón y Cepeda,1961.66,1100.59,861.07
4717,Esteban de Téllez,860.45,0.0,860.45
4279,Lugo y Tovar S. de H.,858.92,0.0,858.92
3656,Delvalle-Madrid e Hijos,857.25,0.0,857.25
4864,Gestora Serrano e Hija,853.09,0.0,853.09
3870,Candelaria de Carmona SRL,851.55,0.0,851.55
4542,Luevano-Jáquez,1206.56,355.34,851.22
864,Garay de Robles S. de H.,1083.51,233.05,850.46
215,Carrasco-Cuenca SRL,850.43,0.0,850.43
1051,Grupo Robles,2707.36,1857.0,850.36
3503,Benavídez de Olivas,985.75,135.84,849.91
1357,"Carrasco, Armas y Sánchez SRL",847.79,0.0,847.79
326,Domínguez-Zapata e Hijo,847.29,0.0,847.29
1662,Delapaz y Verduzco,845.42,0.0,845.42
604,Centro Corrales-Flórez,845.25,0.0,845.25
2525,Otero de Castellano,844.75,0.0,844.75
1338,Gestora Orellana,1209.45,364.71,844.74
4638,Rosado-Carbonell,844.09,0.0,844.09
1085,Gestora Gaitán SRL,1303.62,460.41,843.21
1422,"Nava, Delao y Reséndez e Hijo",842.27,0.0,842.27
2305,Valentín y Concepción,841.76,0.0,841.76
4010,Nava y Saucedo,841.55,0.0,841.55
32,Lugo de Miranda,1774.53,933.37,841.16
678,Grupo Rodrigo SRL,1149.0,310.87,838.13
3535,Pedroza de Barroso y Asoc.,834.45,0.0,834.45
3053,Arribas-Marco S. de H.,1603.8,771.03,832.77
2324,Zambrano-Roque,832.18,0.0,832.18
2638,Global Delagarza-Valencia,1172.94,344.4,828.54
112,Asociación Altamirano-Baca,1798.81,970.92,827.89
3501,Grijalva y Rentería SA,823.31,0.0,823.31
4346,Tovar de Alemán,1655.91,832.62,823.29
312,Centro Laboy-Brito,822.79,0.0,822.79
3138,Grupo Mojica-Sierra,2404.41,1582.59,821.82
1511,Frías de Calvo,1785.17,963.92,821.25
750,Rico-Rendón SRL,2981.78,2162.42,819.36
3779,Sepúlveda y Portillo S. de H.,819.18,0.0,819.18
43,"Lozano, Leyva y Cervántez e Hijo",1697.18,880.37,816.81
305,Viajes Salazar-Escobar,1541.61,725.11,816.5
1796,Pizarro-Antón,815.46,0.0,815.46
2567,Jáquez y Rojas,814.78,0.0,814.78
2419,Gámez de Vega S. de H.,813.8,0.0,813.8
1952,Frías y Camacho,813.6,0.0,813.6
257,Piña y Jimínez,812.33,0.0,812.33
1875,Alfaro-Espino,811.91,0.0,811.91
4274,Vega de Expósito,1648.15,836.96,811.19
203,Viajes Armenta,1817.1,1006.04,811.06
526,Báez de Benavides,810.28,0.0,810.28
4375,Amaya de Cuevas,808.08,0.0,808.08
2165,Santana de Hinojosa SRL,803.5,0.0,803.5
3269,Salvador-Pichardo SA,801.67,0.0,801.67
1853,Niño-Vigil,799.44,0.0,799.44
3219,Corporación Luis e Hijo,797.93,0.0,797.93
3079,"Rosas, Cruz y González y Flia.",2052.63,1254.9,797.73
3414,Guajardo de Gallardo SRL,797.55,0.0,797.55
4187,Gestora Lovato-Abeyta,794.79,0.0,794.79
1153,Macias-Expósito,793.32,0.0,793.32
168,Corporación Baca e Hijos,791.87,0.0,791.87
578,Centro Segura S. de H.,1753.89,966.94,786.95
2540,Global Gámez,1943.89,1160.2,783.69
629,Alva y Dávila,783.68,0.0,783.68
4585,Lemus de Camacho SRL,959.37,175.9,783.47
2149,Bueno y Salvador,782.58,0.0,782.58
3293,"Meza, Moral y Meza SA",781.94,0.0,781.94
4943,"Limón, Vázquez y Vásquez y Flia.",781.63,0.0,781.63
998,Gurule-Frías,780.64,0.0,780.64
1219,Adame-Páez e Hija,1505.0,725.79,779.21
1946,García de Portillo,2300.19,1521.75,778.44
1131,Villalba y Rojo y Flia.,1912.51,1134.72,777.79
773,"Jaimes, Tello y Almaráz SA",777.4,0.0,777.4
1704,Rodrigo-Pizarro,777.21,0.0,777.21
4763,"Castillo, Olvera y Quintero e Hijo",776.49,0.0,776.49
1752,Global Colón,775.81,0.0,775.81
3214,Grupo Salas-Tello,1640.61,866.38,774.23
1455,Benítez de Padilla,774.19,0.0,774.19
1354,Grupo Aguirre,773.95,0.0,773.95
3286,Medina-Cano,1548.46,774.98,773.48
623,Viajes De Anda,1182.68,409.57,773.11
26,Guajardo-Cervantes y Asoc.,1868.4,1098.31,770.09
3806,Viajes Serrato,769.45,0.0,769.45
2560,Rincón-Madera,1816.03,1046.62,769.41
2386,Ballesteros de Jaimes,1370.44,601.46,768.98
3771,Valentín de Moral e Hijos,768.59,0.0,768.59
2170,Cabrera de Sotelo e Hijo,768.03,0.0,768.03
2136,Puig y Escobedo,1696.73,928.97,767.76
1686,Asociación Pons,767.57,0.0,767.57
640,Font-Garica,1630.83,864.33,766.5
3634,Gimeno-Godínez,2021.7,1255.31,766.39
2450,Alva y Calvillo,765.31,0.0,765.31
2515,"Angulo, Marín y Delatorre y Flia.",765.17,0.0,765.17
1947,"Alfonso, Caballero y Abeyta e Hijo",765.13,0.0,765.13
3110,Gámez y Hidalgo,764.35,0.0,764.35
2145,Sanz de Barrientos y Asoc.,761.37,0.0,761.37
933,Ureña de Linares,761.26,0.0,761.26
2891,Viajes Lucio y Flia.,759.52,0.0,759.52
2928,Lozano-Bañuelos,758.94,0.0,758.94
3858,Pineda de Salcido e Hijos,1591.45,834.58,756.87
4115,Air Abrego,1473.55,716.83,756.72
4059,Ruelas-Vera e Hijos,756.21,0.0,756.21
925,Saiz de Paz,756.08,0.0,756.08
2635,Quintana-Adame,755.48,0.0,755.48
3041,Duarte de Benavides,1093.88,340.33,753.55
1649,Díaz-Bustos,753.33,0.0,753.33
189,Villegas-Montalvo e Hijos,753.02,0.0,753.02
3095,Alfonso de Meza e Hijos,752.07,0.0,752.07
187,Matos y Duarte,1108.99,360.31,748.68
980,Corporación Roca-Ortíz,1473.59,725.15,748.44
2619,Grupo Guevara,748.24,0.0,748.24
387,Corporación Cedillo,747.54,0.0,747.54
2091,Global Grijalva,2115.11,1368.93,746.18
3258,Global Granado,2051.52,1306.36,745.16
3013,Guzmán-Estévez,849.27,104.73,744.54
4338,Vargas-Quezada,743.68,0.0,743.68
930,Gestora Santacruz,743.31,0.0,743.31
313,Asociación Agosto,742.45,0.0,742.45
1395,Valverde-Bahena e Hijos,742.12,0.0,742.12
214,Viajes Riojas-Avilés,904.7,162.99,741.71
4563,Viajes Perea-Rosado,741.7,0.0,741.7
1531,Empresa Rosa-Chacón,1849.93,1108.61,741.32
4593,Herrero y Acuña SRL,740.11,0.0,740.11
2384,Gestora Rocha,737.93,0.0,737.93
3458,Canales de Valentín,736.38,0.0,736.38
1911,Corporación Tovar-Altamirano,1722.09,985.83,736.26
149,"De Jesús, Rivera y Menchaca S. de H.",923.09,187.46,735.63
4177,Carballo de Gálvez y Asoc.,1749.12,1014.47,734.65
2653,Jaimes y Ceballos,2152.55,1418.68,733.87
666,"Briseño, Ornelas y Pedroza SA",2288.77,1554.99,733.78
1314,Gestora Carrero,2536.37,1802.66,733.71
677,Global Nevárez,1424.52,691.16,733.36
1589,Corporación Villalba-Roca,5192.35,4460.6,731.75
3174,Vigil y Ulloa SRL,1667.69,938.49,729.2
4569,Corporación Alcala e Hijos,728.36,0.0,728.36
45,"Zambrano, Rodríquez y Longoria e Hijo",2180.15,1452.67,727.48
1576,Narváez y Redondo SRL,725.38,0.0,725.38
2034,Soto-Maldonado y Asoc.,723.65,0.0,723.65
1252,Air Sanabria-Ulloa,1311.94,590.06,721.88
1625,Adame-Miranda S. de H.,721.14,0.0,721.14
1155,Global Rincón-Gámez,720.46,0.0,720.46
1919,Air Pizarro-Olivo,718.7,0.0,718.7
3950,Blanco de Salvador SA,717.48,0.0,717.48
2812,Camarillo de Benavides y Asoc.,716.23,0.0,716.23
1430,Casares de Valverde,1272.09,556.13,715.96
4655,Padilla de Batista SRL,1422.07,707.17,714.9
1091,Corporación Tijerina y Asoc.,1136.84,425.88,710.96
1367,Centeno y Portillo e Hijo,710.82,0.0,710.82
4142,Santillán y Barreto,1715.81,1005.24,710.57
3647,Viajes Lara,710.28,0.0,710.28
4736,Godínez de Benavides S. de H.,709.79,0.0,709.79
3247,Contreras-Estrada,709.69,0.0,709.69
684,Rendón y Rivero,2064.83,1355.7,709.13
2504,Salvador de Ruvalcaba,708.63,0.0,708.63
261,Alicea y Quintana,708.05,0.0,708.05
902,Miguel de Saucedo,707.3,0.0,707.3
3249,"Pagan, Alaniz y Segura e Hijo",706.31,0.0,706.31
2112,Sauceda de Andreu,2639.57,1934.52,705.05
4032,Aparicio-Briseño,2916.12,2211.67,704.45
2368,Granados y Casado,703.22,0.0,703.22
3023,Ordóñez y Ros,703.02,0.0,703.02
1174,Empresa Carrasquillo-Treviño,701.55,0.0,701.55
140,Angulo de Cruz,701.31,0.0,701.31
3610,Air Garibay,701.14,0.0,701.14
4844,Aragón y Alcántar,1112.27,411.77,700.5
4395,Centro Venegas-Gimeno,1914.75,1215.32,699.43
2414,Viajes Olvera,1094.71,396.77,697.94
962,Rodrigo de Lucero SA,697.52,0.0,697.52
1564,Centro Gaytán-Rosales,697.15,0.0,697.15
1316,Pichardo-Correa,697.12,0.0,697.12
67,Salcido de Linares,696.7,0.0,696.7
2539,Corporación Barreto-Villalobos,695.34,0.0,695.34
222,Viajes Girón e Hijos,1652.17,956.96,695.21
2790,Zamora y Quesada,694.45,0.0,694.45
780,Gestora Martín,723.75,29.72,694.03
829,Asociación Jasso,714.72,21.46,693.26
1624,Juárez de Berríos,690.68,0.0,690.68
1375,Roig-Medrano,2065.64,1375.62,690.02
3575,"Montez, Páez y Peralta e Hijos",1160.15,471.39,688.76
3679,Domínguez-Casárez,688.1,0.0,688.1
2899,"Delgadillo, Delgado y Girón e Hija",687.83,0.0,687.83
3873,Uribe de Sotelo,687.72,0.0,687.72
1226,Asociación Robledo SRL,686.92,0.0,686.92
2469,Concepción de Vélez SA,1719.74,1032.86,686.88
2596,Pantoja y Jasso e Hijos,686.81,0.0,686.81
2887,Muñoz y Alba,685.26,0.0,685.26
4691,Corporación Lugo SRL,681.28,0.0,681.28
2042,Cuevas y Cabello,680.66,0.0,680.66
2816,Mayorga-Meraz,2589.47,1908.95,680.52
4701,Zelaya-González,1467.85,789.1,678.75
264,Lozano y Sisneros S. de H.,677.2,0.0,677.2
4308,Empresa Muñoz y Asoc.,675.78,0.0,675.78
4438,Reséndez-Costa y Asoc.,675.71,0.0,675.71
3826,Air Irizarry,674.7,0.0,674.7
4020,Barragán de Valladares SA,674.29,0.0,674.29
3246,Caro y Caldera S. de H.,672.98,0.0,672.98
706,De Jesús y Delgadillo e Hijo,672.41,0.0,672.41
2882,Centro Alcala-Serrano,671.6,0.0,671.6
3856,Galán y Henríquez y Flia.,2385.9,1714.62,671.28
3155,Grupo Ybarra SA,671.22,0.0,671.22
4136,Empresa Jáquez,667.49,0.0,667.49
2445,Global Saiz,664.32,0.0,664.32
1331,Arellano de Ozuna,664.22,0.0,664.22
1790,Maestas de Ruvalcaba,2178.19,1514.21,663.98
4096,Sedillo y Alcaráz,2219.13,1556.1,663.03
4828,Muñiz de Blasco SA,659.74,0.0,659.74
2712,Álvarez y Villalobos,1837.45,1178.33,659.12
1361,Rey de Escalante,656.55,0.0,656.55
969,Molina de Lozada,655.4,0.0,655.4
4194,Gaitán de Andrés,654.88,0.0,654.88
1857,Duran y Velázquez,1616.29,963.15,653.14
844,"Alfaro, Romo y Esparza y Asoc.",1060.04,408.04,652.0
4254,Asociación Tafoya-Pérez,651.83,0.0,651.83
3994,Candelaria-Murillo e Hijo,651.76,0.0,651.76
2734,Terán de Font,649.98,0.0,649.98
4074,Bonilla-Cantú SA,1044.17,394.79,649.38
2050,Acevedo de Zayas e Hijos,1910.89,1261.62,649.27
1117,Zavala-Hidalgo,913.1,263.92,649.18
428,Air Mora e Hijo,648.29,0.0,648.29
2578,Global Ballesteros y Flia.,648.1,0.0,648.1
3442,Arriaga de De la Fuente,760.94,114.1,646.84
3449,Corporación Riojas-Gracia,646.78,0.0,646.78
3649,Global Herrero,646.14,0.0,646.14
2995,Herrera-Gámez e Hijos,646.08,0.0,646.08
3787,Corporación Barrientos e Hija,1891.29,1246.49,644.8
2239,Zepeda-Roldán,1339.81,695.26,644.55
722,Frías de Canales e Hijo,644.28,0.0,644.28
801,"Muro, Cárdenas y Cano e Hija",915.8,272.39,643.41
1273,Izquierdo-Adorno,642.3,0.0,642.3
2430,Páez de Banda,789.44,147.35,642.09
3335,"Sánchez, Esteve y Delgado e Hija",636.3,0.0,636.3
3664,Reyes y Carrasquillo,1328.63,694.32,634.31
3998,Alaniz de Ayala SRL,634.03,0.0,634.03
3769,Torres y Castro,632.13,0.0,632.13
1945,Gestora Román y Asoc.,631.78,0.0,631.78
1505,Herrera de Reyna y Flia.,631.27,0.0,631.27
2211,Global Sánchez-Adame,630.38,0.0,630.38
1814,Vaca y Mota,2983.58,2353.43,630.15
1369,Rosas de Bernal,928.02,302.3,625.72
2008,"Mercado, Bustamante y Guerrero y Asoc.",625.39,0.0,625.39
853,Global Piñeiro-Saiz,625.16,0.0,625.16
4731,Velázquez y Campos e Hijos,1866.21,1241.97,624.24
2116,Ortega-Soria,623.26,0.0,623.26
2937,Global Núñez-Carrasquillo,621.12,0.0,621.12
3518,Luna y Fajardo y Asoc.,1951.44,1330.43,621.01
945,Santamaría-Muñoz S. de H.,618.68,0.0,618.68
3650,Bonilla-Cepeda e Hijos,617.72,0.0,617.72
577,Noriega y Méndez,1021.05,404.38,616.67
4640,Camarillo-Ibarra,616.28,0.0,616.28
1082,Global Rivero-Cervántez,724.84,108.85,615.99
2926,Asociación Villalobos-Gamboa,948.69,333.39,615.3
4276,Samaniego-Aragón y Asoc.,1537.34,925.69,611.65
2768,Solano-Polo SRL,611.18,0.0,611.18
2958,Ozuna-Polanco,1241.99,632.37,609.62
345,Gestora Lucas-Ávila,2670.6,2062.98,607.62
3884,"Arteaga, Delacrúz y Robles e Hijos",1450.01,842.99,607.02
1009,Aguado-Alarcón,604.04,0.0,604.04
3438,"Dueñas, Gaitán y Chapa e Hijo",602.15,0.0,602.15
4415,Grupo Bahena,1282.66,681.26,601.4
4622,Almanza-Anguiano,2400.18,1799.38,600.8
561,Zamora de Manzanares y Asoc.,598.71,0.0,598.71
3864,Casanova y Carballo y Flia.,2095.63,1497.31,598.32
4503,Granados-Romo e Hijos,2541.03,1945.6,595.43
1634,Salazar de Roig SRL,595.23,0.0,595.23
1344,"Velázquez, Roybal y Alicea e Hijos",594.79,0.0,594.79
2417,Rocha de Núñez,976.69,383.55,593.14
2813,Grupo Ponce,1401.41,808.77,592.64
3897,Asociación Cornejo e Hijos,591.67,0.0,591.67
505,Esteban y Delacrúz,590.23,0.0,590.23
4905,"Peña, Carrera y Caro S. de H.",588.4,0.0,588.4
851,Corporación Pelayo-Calvillo,587.89,0.0,587.89
1172,Llamas de Solorzano e Hija,587.15,0.0,587.15
2808,Nazario de Palacios,586.87,0.0,586.87
3444,Empresa Carbajal e Hija,1360.74,776.74,584.0
3476,Gámez-Soriano e Hijos,583.1,0.0,583.1
4078,Palomino de Solorio,2254.51,1672.19,582.32
1768,Sosa-Macias,581.96,0.0,581.96
2576,"Cárdenas, Miranda y Rosado y Asoc.",581.84,0.0,581.84
3859,Grupo Abad-Benítez,760.79,179.09,581.7
4770,Ibarra y Ballesteros y Asoc.,1054.93,473.83,581.1
2705,"Badillo, Maldonado y Reyes SA",983.96,405.57,578.39
1143,Viajes Pagan-Saavedra,577.17,0.0,577.17
4634,Valadez-Collado e Hijo,1316.79,739.77,577.02
529,Páez de Arredondo SA,1401.48,825.43,576.05
3390,Ocasio-Báez e Hijo,575.52,0.0,575.52
10,Rodríquez y Roybal,574.97,0.0,574.97
3382,Izquierdo-Partida SRL,1750.98,1176.77,574.21
4748,Puig y Gámez,573.65,0.0,573.65
3623,Alvarado y Valero y Asoc.,1168.06,595.32,572.74
4038,Toro y Montez e Hijo,572.4,0.0,572.4
1518,Casárez y Casares,1288.91,718.06,570.85
4743,Magaña-Bueno,3253.12,2683.23,569.89
982,"Hidalgo, Correa y Carmona y Flia.",568.61,0.0,568.61
347,Espinosa y Vanegas,1238.87,673.24,565.63
1212,Balderas y Rosales,563.9,0.0,563.9
1661,"Villalobos, Madera y Delgado SA",1107.5,544.66,562.84
3320,Corporación Santana,1555.24,992.74,562.5
87,Casas-Ayala SRL,562.47,0.0,562.47
3997,"Gaytán, Arroyo y Alba SRL",562.03,0.0,562.03
2913,Enríquez y Blanco e Hija,561.52,0.0,561.52
1991,"Calderón, Paz y Sedillo e Hijos",561.35,0.0,561.35
554,Valadez de Blanco y Asoc.,723.17,162.19,560.98
832,Asociación Figueroa,557.97,0.0,557.97
349,Delarosa-Báez,557.81,0.0,557.81
4297,Martín de Martos y Flia.,1628.33,1071.76,556.57
4554,Malave y Martí,556.21,0.0,556.21
2458,Acosta-Ibarra e Hijos,752.9,198.51,554.39
3146,Asociación Colunga,2807.08,2254.3,552.78
2636,Covarrubias-Llorente,551.83,0.0,551.83
2476,"Barrios, Cuesta y Olivares y Asoc.",551.49,0.0,551.49
3608,"Leyva, Galindo y Soliz y Flia.",1225.42,676.98,548.44
543,Centro Henríquez SA,546.15,0.0,546.15
1299,Toledo y Vallejo e Hijos,1913.69,1368.54,545.15
126,Archuleta y Rivero e Hijo,544.92,0.0,544.92
3065,"Acosta, Delatorre y Barroso e Hijos",1661.8,1117.87,543.93
4268,Empresa Longoria,2671.76,2128.78,542.98
4156,Castellano de Cervántez,2130.23,1588.79,541.44
4120,Limón de Adame y Flia.,540.02,0.0,540.02
2600,Vigil de Carrión SA,539.67,0.0,539.67
1093,Asociación Aponte,539.23,0.0,539.23
24,Mayorga de Tejeda y Asoc.,535.55,0.0,535.55
811,Hernando-Montez e Hijos,535.46,0.0,535.46
3317,Zamora y Hernádez SRL,969.28,434.95,534.33
1476,Salcido de Agosto,2164.84,1631.12,533.72
4597,Puente y Mendoza e Hijos,531.3,0.0,531.3
1516,Ontiveros y Zarate,531.17,0.0,531.17
587,Global Arroyo e Hija,530.9,0.0,530.9
2424,Gestora Bernal y Flia.,528.29,0.0,528.29
14,Gestora Madera y Flia.,527.61,0.0,527.61
4694,Irizarry y Mojica,526.93,0.0,526.93
4394,Vázquez y Melgar SA,525.55,0.0,525.55
3211,Sauceda y Zarate e Hija,1519.53,994.88,524.65
76,"Escobedo, Cepeda y Pedraza SA",1867.51,1342.89,524.62
1161,Saldivar y Rodríquez,2219.19,1695.2,523.99
1444,Asociación Vázquez,4326.06,3803.33,522.73
3002,Madrigal de Ramos e Hijos,521.28,0.0,521.28
3492,Olvera de Portillo,1576.88,1056.03,520.85
1434,Lázaro-Lozano,841.48,321.44,520.04
4123,Sola-Benito,518.6,0.0,518.6
3853,Acevedo y Gálvez,518.22,0.0,518.22
2571,Juan de Escobedo,515.95,0.0,515.95
446,Girón de Zavala SA,515.79,0.0,515.79
3838,Montero de Lovato y Asoc.,513.51,0.0,513.51
3063,Anaya y Sierra,513.46,0.0,513.46
3750,Grupo Benito,1929.11,1416.5,512.61
4175,Castañeda de Cabello y Flia.,512.1,0.0,512.1
2355,Grijalva de Carbajal,991.8,480.78,511.02
3046,Alanis y Vega,510.64,0.0,510.64
704,Álvarez de Santamaría y Asoc.,2154.73,1646.18,508.55
1284,Global Polo-Saavedra,507.3,0.0,507.3
1787,Bermúdez de Guerrero y Asoc.,505.07,0.0,505.07
3456,"Amador, Polo y Camarillo SRL",555.36,52.1,503.26
1713,Duran y Centeno S. de H.,1591.8,1093.94,497.86
1044,Gestora Ojeda-Téllez,497.84,0.0,497.84
2443,Banda-Lugo y Asoc.,1859.11,1361.45,497.66
1723,Altamirano-Cavazos e Hijo,1992.34,1496.16,496.18
996,Serna-Calero,495.97,0.0,495.97
450,Ortega y León y Flia.,494.8,0.0,494.8
1647,Almonte de Bahena,494.65,0.0,494.65
3067,Patiño-Vega,1774.37,1280.4,493.97
999,Gómez de Montero S. de H.,795.36,303.03,492.33
3064,Mena-Pizarro,1653.93,1162.59,491.34
3341,Curiel de Caraballo,1470.61,979.54,491.07
1563,Global Cortez-Saiz,489.77,0.0,489.77
1136,Fierro y Sandoval SA,1910.36,1421.58,488.78
1042,Global Moya-Esquibel,487.95,0.0,487.95
304,"Cortez, Arguello y Sauceda y Flia.",2473.31,1986.64,486.67
1607,Global Villa SA,2332.15,1846.19,485.96
3748,Centro Mota-Menchaca,1469.14,984.57,484.57
1452,Munguía y Rubio,1254.7,770.33,484.37
1060,Terrazas de Nevárez,482.48,0.0,482.48
1454,Empresa Abeyta,1329.1,846.77,482.33
807,Corporación Ávalos e Hijos,2317.54,1836.26,481.28
4882,Armijo y Canales,481.02,0.0,481.02
4734,Saldaña-Vela e Hija,1143.04,662.24,480.8
3380,Asociación Pacheco-Bravo,634.37,156.79,477.58
1648,"Pizarro, Echevarría y Gallardo e Hija",1544.32,1066.78,477.54
1011,Grupo Soria e Hijo,477.04,0.0,477.04
101,"Collado, Cabrera y Lira y Asoc.",476.81,0.0,476.81
1078,Vallejo-Casárez,642.02,165.69,476.33
2740,Correa y Tapia S. de H.,473.16,0.0,473.16
3813,Centro Delatorre e Hija,503.15,30.33,472.82
4916,Montez de Olivares,472.13,0.0,472.13
4976,Riojas de Chapa SA,470.0,0.0,470.0
1652,Air Blanco,469.17,0.0,469.17
4810,Estévez y Villaseñor,468.06,0.0,468.06
3190,Viajes Ceja-Barrientos,467.39,0.0,467.39
3511,Tejeda de González,467.27,0.0,467.27
4056,Grupo Espino,465.27,0.0,465.27
357,Salvador de Marín SRL,1940.82,1475.61,465.21
2758,Carrasco de Flores y Flia.,1210.7,747.21,463.49
2626,Vicente-Aguilera e Hijos,1056.2,593.44,462.76
3170,Aguayo de Pereira SA,1138.24,675.97,462.27
1519,Luis de Camarillo,1633.73,1171.51,462.22
4855,Estévez y Banda,462.13,0.0,462.13
3944,De Jesús-Vila SA,461.55,0.0,461.55
1159,Global Zapata,1749.37,1288.51,460.86
4720,Vallejo de Salvador,460.56,0.0,460.56
3745,"Negrón, Molina y Palacios e Hija",1812.48,1353.15,459.33
1102,Manzano-Carrero,1991.09,1532.57,458.52
992,Carrero-Domingo e Hijos,457.55,0.0,457.55
2046,Hidalgo-Arevalo,457.33,0.0,457.33
582,Molina y Valverde e Hija,521.16,64.03,457.13
1214,"Mondragón, De Jesús y Franco e Hijo",456.17,0.0,456.17
1383,"Olivo, Cuevas y Aguilera e Hija",2381.13,1925.15,455.98
375,Agosto de Ocampo,1507.21,1052.85,454.36
2407,Narváez y Delagarza e Hijos,2168.39,1716.12,452.27
1465,Empresa Jurado e Hijo,452.18,0.0,452.18
1855,Botello y Córdova,1607.29,1155.74,451.55
1268,Pineda y Mora e Hijo,1706.53,1258.79,447.74
2439,Centro Escalante e Hijos,447.41,0.0,447.41
836,Empresa Sandoval-Caldera,447.06,0.0,447.06
937,Rodríquez-Morales,1610.81,1164.54,446.27
2117,Mireles de Ballesteros,445.81,0.0,445.81
2494,Sola-Ballesteros,1376.35,934.02,442.33
4232,"Muro, Gaytán y Font y Asoc.",1398.05,955.95,442.1
2181,Reynoso de Griego S. de H.,441.72,0.0,441.72
3728,Corporación Gimeno SA,850.72,409.96,440.76
3396,Asociación Solorio,739.03,299.38,439.65
669,Bahena-Esquibel,438.83,0.0,438.83
4890,Arevalo-Uribe e Hijos,438.62,0.0,438.62
3370,Llorente de Vela,1809.02,1372.01,437.01
520,Varela y Villaseñor y Asoc.,437.0,0.0,437.0
2370,Vásquez de Badillo SRL,436.95,0.0,436.95
4138,Global Armenta-Rascón,436.59,0.0,436.59
4762,Abeyta de Matos y Flia.,928.19,491.62,436.57
3140,Posada de Limón,853.2,417.15,436.05
3347,Grupo Sánchez SA,435.15,0.0,435.15
1022,Rodríguez-Cervantes SA,435.03,0.0,435.03
294,"Razo, Nazario y Alaniz y Flia.",1908.38,1475.69,432.69
531,Gestora Roca,1471.01,1039.29,431.72
2701,Armenta y Soria SRL,429.86,0.0,429.86
183,"Orellana, Garay y Cuesta e Hijo",427.68,0.0,427.68
2090,Domínguez-Lugo e Hija,426.59,0.0,426.59
138,Portillo y Rodríguez SRL,968.0,541.64,426.36
686,Malave y Carballo S. de H.,426.1,0.0,426.1
3032,Centro Rodarte-Delacrúz,425.97,0.0,425.97
1004,"Lorente, Cobo y Costa S. de H.",485.49,59.91,425.58
559,Olmos de Rosas SA,425.53,0.0,425.53
3236,Salazar de Arreola e Hijos,423.93,0.0,423.93
1705,Pedroza de Alba y Asoc.,1226.84,803.19,423.65
2207,Air Gurule SRL,1502.48,1079.83,422.65
429,Brito de Cisneros e Hijos,1522.47,1100.77,421.7
2343,"Bustamante, Ibarra y Téllez SA",419.96,0.0,419.96
3384,"Dueñas, Heredia y Nevárez e Hija",417.75,0.0,417.75
3175,Uribe de Ávila,698.65,282.14,416.51
1125,Delatorre y Alejandro SRL,416.17,0.0,416.17
4920,"Vergara, Ceballos y Aguado y Asoc.",1907.1,1495.33,411.77
1135,Navarro y Chávez SRL,1932.22,1521.34,410.88
2815,Global Delao,2025.4,1614.69,410.71
3145,"Montero, Martín y Yáñez SA",1947.2,1537.43,409.77
2224,Benavídez y Zavala SRL,409.32,0.0,409.32
1134,Gestora Candelaria y Asoc.,409.18,0.0,409.18
1578,Villarreal y Meraz,408.94,0.0,408.94
755,Puga y Reséndez S. de H.,969.17,560.25,408.92
2015,Villalpando-Sosa e Hija,407.93,0.0,407.93
2,Huerta de Hinojosa,1317.19,909.59,407.6
821,Anaya de Varela SA,2320.54,1913.27,407.27
92,Rosado-Sierra,1747.83,1340.83,407.0
3210,"Mejía, Batista y Flórez y Flia.",406.64,0.0,406.64
4186,Banda-Rolón S. de H.,738.41,333.08,405.33
3291,Díaz y Godoy,403.53,0.0,403.53
3498,Villa y Flores SRL,1183.36,783.22,400.14
3821,Corporación Frías-Escalante,397.7,0.0,397.7
2364,Ledesma y Sauceda,397.02,0.0,397.02
4946,Olvera de Archuleta e Hijos,394.01,0.0,394.01
4801,Palacios y Altamirano e Hijos,392.22,0.0,392.22
4218,Haro-Rentería e Hijo,390.64,0.0,390.64
4057,Morales-Carranza e Hijo,389.59,0.0,389.59
2729,Asociación Anaya SRL,389.49,0.0,389.49
1206,Alcántar y Menchaca,388.91,0.0,388.91
685,Apodaca de Ramón,745.31,359.83,385.48
4387,Delvalle y Abeyta e Hijos,384.07,0.0,384.07
44,Grupo Mateos-Ceballos,1938.64,1555.03,383.61
4988,"Pabón, Arteaga y Zambrano y Asoc.",382.95,0.0,382.95
4957,Monroy de Cornejo,382.92,0.0,382.92
2692,Cortés-Regalado,1303.86,921.82,382.04
2052,Armijo de Valverde,381.67,0.0,381.67
4491,Corporación Salazar-Maldonado,1829.89,1448.92,380.97
4794,Air Delapaz-Venegas,1985.52,1605.72,379.8
3000,Empresa Castillo e Hija,2371.24,1995.98,375.26
2716,Polo de Urbina y Asoc.,600.78,225.71,375.07
1189,Negrón de Ríos,375.05,0.0,375.05
4043,Garrido-Tafoya e Hijos,784.54,411.21,373.33
487,"Pérez, Guerra y Espinal y Asoc.",369.96,0.0,369.96
4509,Salas-Gonzáles e Hija,366.16,0.0,366.16
4398,Gestora Zavala-Sánchez,365.84,0.0,365.84
2941,Negrete y Vela S. de H.,2325.63,1959.98,365.65
398,Regalado-Miramontes y Flia.,1342.93,977.51,365.42
1111,Global Casado,364.99,0.0,364.99
2648,Alonzo y Escribano,1429.48,1065.62,363.86
3106,Véliz y Requena SA,362.29,0.0,362.29
3755,Gracia y García SA,361.97,0.0,361.97
3223,Abrego-Blasco e Hijos,1007.98,646.06,361.92
2335,Centro Negrete,360.37,0.0,360.37
3842,Viajes Rael e Hijos,359.11,0.0,359.11
3515,Trujillo-Bonilla e Hijo,358.2,0.0,358.2
4320,Nájera-Tovar y Asoc.,358.18,0.0,358.18
2471,Bañuelos-Reséndez,497.31,139.29,358.02
334,Empresa Cabrera-Corona,356.47,0.0,356.47
3417,Fajardo y Luque,356.43,0.0,356.43
3719,Tamayo de Orellana SA,356.27,0.0,356.27
784,Moya de Viera,1303.58,947.35,356.23
2864,Empresa Olivo SRL,1897.29,1543.4,353.89
879,Benito y Holguín SRL,1798.47,1445.09,353.38
548,Redondo y Carretero,349.04,0.0,349.04
1691,Lugo y Pacheco y Asoc.,348.28,0.0,348.28
4322,Villalpando y Jimínez,1642.66,1297.23,345.43
412,Garza de Guardado SRL,1303.47,958.15,345.32
3793,"Báez, Rosas y Negrete y Flia.",343.07,0.0,343.07
4379,Corporación Puig-Palacios,342.44,0.0,342.44
1698,Camarillo de Valle,341.36,0.0,341.36
4035,Marco-García e Hijo,340.98,0.0,340.98
256,Pagan y Puga,1812.14,1471.19,340.95
2707,Air Escudero,339.87,0.0,339.87
2302,Gestora Contreras SRL,339.8,0.0,339.8
245,"Díaz, Rocha y Casares y Asoc.",339.49,0.0,339.49
3385,Caraballo-Valles,1475.42,1136.35,339.07
1253,Linares-Roldán,337.65,0.0,337.65
2687,Soria de Delao,1167.83,831.03,336.8
2233,Escobar-Galán,1975.71,1640.13,335.58
1702,Asociación Alicea-Mondragón,335.45,0.0,335.45
1179,Batista-Rojas y Asoc.,333.19,0.0,333.19
1876,Rentería y Almanza SA,332.88,0.0,332.88
410,Bravo de Aguirre e Hijos,1650.82,1318.57,332.25
3037,Girón de Cabrera y Asoc.,1134.5,803.57,330.93
311,"Herrero, Gamboa y Valdivia e Hija",330.53,0.0,330.53
115,Lorente-Ocampo,329.11,0.0,329.11
4495,Grupo Vera-Méndez,329.0,0.0,329.0
1899,Asociación Mata,328.9,0.0,328.9
1433,Lázaro-Saldaña,328.74,0.0,328.74
4455,Viajes Negrete y Asoc.,328.64,0.0,328.64
4993,Barrera y Delgado,324.83,0.0,324.83
3561,Magaña de Padrón,322.23,0.0,322.23
3242,Camacho-Cantú SRL,320.69,0.0,320.69
3630,Calderón de Quiñones S. de H.,320.66,0.0,320.66
2756,Mateo-Barreto,319.27,0.0,319.27
3729,Centro Blázquez e Hijo,316.51,0.0,316.51
3506,Olivas-Campos,672.33,357.23,315.1
618,Perales de Roque S. de H.,315.07,0.0,315.07
3495,"Barraza, Villalobos y Rodríguez SRL",1615.13,1300.98,314.15
1100,Asociación Calderón S. de H.,313.68,0.0,313.68
3361,Valdivia-Alaniz,1160.15,848.74,311.41
2394,Bonilla y Crespo y Flia.,309.25,0.0,309.25
379,"Roybal, Cuesta y Montoya S. de H.",1035.6,727.22,308.38
635,Salas-Pereira e Hijo,306.77,0.0,306.77
2689,Del Río de Perea,305.67,0.0,305.67
4066,Naranjo y Muro SRL,1370.42,1064.77,305.65
4750,Air Longoria y Asoc.,305.29,0.0,305.29
470,Ibarra-Valenzuela,303.88,0.0,303.88
1363,Duran-Hidalgo,303.02,0.0,303.02
4058,Rodarte-Zepeda SRL,667.14,365.99,301.15
1753,Bonilla y Vélez e Hija,1681.79,1381.12,300.67
495,Empresa Soliz e Hijos,1059.27,759.23,300.04
1985,Empresa Solorzano-Rolón,298.77,0.0,298.77
934,Montes-Tijerina,1161.13,863.1,298.03
2418,Noriega de Mateo,295.45,0.0,295.45
4747,"Mejía, González y Simón y Flia.",294.72,0.0,294.72
382,Valdivia-Lerma S. de H.,293.48,0.0,293.48
3483,De Anda y Sotelo S. de H.,1937.72,1644.41,293.31
3066,Mondragón de Arce,314.03,21.32,292.71
4463,Zavala-Oliver SA,291.9,0.0,291.9
3490,Medrano-Bermúdez,291.74,0.0,291.74
3471,Apodaca de Pozo,291.12,0.0,291.12
2497,Gestora Pineda-Lucas,1958.82,1668.36,290.46
1007,Armenta y Ocasio,331.14,41.93,289.21
3141,Trejo-Becerra,288.12,0.0,288.12
1621,"Páez, Carrera y Castillo e Hijos",287.83,0.0,287.83
1194,Lorenzo de Roque e Hija,1644.81,1357.01,287.8
2513,Rocha de Zavala SRL,1582.62,1294.86,287.76
1982,"Mena, Delapaz y Gaytán SRL",3010.32,2722.96,287.36
3250,Iglesias de Cano,1537.65,1251.17,286.48
847,Gestora Huerta e Hijos,1940.15,1655.38,284.77
3760,Viajes Bautista-Lázaro,1430.7,1148.43,282.27
2220,Centro Rivera,971.18,689.09,282.09
3423,Air López SA,948.46,666.52,281.94
3706,"Esteve, Valadez y Ruiz SRL",1931.13,1649.57,281.56
3512,Gámez-Armijo y Flia.,280.59,0.0,280.59
1559,Hernández y Sosa,280.36,0.0,280.36
2778,Vega y Esparza,1420.62,1140.85,279.77
2506,Grupo Zamudio,478.94,201.34,277.6
3637,Asociación Armijo e Hijos,685.25,407.94,277.31
856,Carrasquillo de Marcos SA,1296.91,1020.7,276.21
1018,Empresa Baca-Marín,1318.22,1042.08,276.14
2146,"Morales, Castaño y Razo SRL",272.73,0.0,272.73
432,Rodrigo y Salgado y Asoc.,269.41,0.0,269.41
1305,Empresa Leyva e Hijos,268.98,0.0,268.98
4389,Loya y Delapaz e Hija,1957.19,1689.26,267.93
4018,Anguiano de Beltrán S. de H.,2100.06,1833.88,266.18
2387,Air Gallegos e Hijo,265.63,0.0,265.63
3488,Alba y Rascón,265.0,0.0,265.0
882,Air Arevalo e Hijos,263.08,0.0,263.08
2027,Ornelas de Verdugo e Hijos,1964.97,1702.43,262.54
1283,Global Rosales,260.06,0.0,260.06
1744,Negrete-Ruvalcaba,259.38,0.0,259.38
3607,De Jesús de Maldonado,1523.01,1263.9,259.11
292,Air Medrano,1303.1,1044.72,258.38
3403,Segura-Naranjo,257.8,0.0,257.8
4620,Empresa Arriaga e Hija,1654.33,1399.3,255.03
1024,Centro Gracia-Rubio,378.95,124.45,254.5
3545,Centro Pérez,254.04,0.0,254.04
2192,Meléndez de Ordóñez SRL,1603.15,1349.84,253.31
2592,Flórez de Galván,251.82,0.0,251.82
893,Limón-Bañuelos,251.03,0.0,251.03
2998,Lorenzo y Alicea S. de H.,250.21,0.0,250.21
4073,Velasco y Campos,250.13,0.0,250.13
3491,Bermúdez de Llamas SRL,249.48,0.0,249.48
3288,Quintero y Muñiz y Asoc.,248.81,0.0,248.81
1204,Tafoya-Acevedo y Flia.,331.32,84.02,247.3
4767,"Aparicio, Barrios y Soriano e Hija",965.56,718.31,247.25
2049,Orellana-Munguía SA,1211.35,964.99,246.36
4459,Gestora Carbajal,244.99,0.0,244.99
2797,Cornejo de Matías SA,244.95,0.0,244.95
1836,Vera y Dávila e Hijos,244.19,0.0,244.19
4440,Global Delvalle y Asoc.,241.2,0.0,241.2
2022,Manzano y Blasco SRL,830.74,591.42,239.32
787,Rey de Quiroz,1020.33,781.22,239.11
2491,Coronado-Oliver SA,236.96,0.0,236.96
1356,Verduzco de Aguayo,236.79,0.0,236.79
4432,Corporación Toledo SRL,236.44,0.0,236.44
3234,Ramos de Navarrete e Hijos,871.82,636.72,235.1
1895,"Sauceda, Gracia y Núñez S. de H.",698.76,466.49,232.27
3057,Nájera y Duran y Asoc.,406.91,176.06,230.85
1394,Sarabia-Hinojosa,229.01,0.0,229.01
3311,Grupo Alcántar-Guzmán,228.88,0.0,228.88
4487,Air Rosado e Hijo,228.79,0.0,228.79
1448,Rodríguez-Espinosa,228.08,0.0,228.08
353,Leyva y Villareal SA,1080.21,853.43,226.78
4478,Avilés de Martín e Hijo,606.38,379.86,226.52
1995,Oliver de Monroy SRL,224.96,0.0,224.96
4406,Alejandro-Sarabia S. de H.,223.57,0.0,223.57
3848,Viajes Girón e Hijo,692.5,469.87,222.63
212,Vigil-Delagarza y Flia.,2032.39,1810.46,221.93
4213,Raya y Mascareñas,221.66,0.0,221.66
4572,Orellana y Cordero,1850.01,1629.27,220.74
4119,Fernández de Moya,220.65,0.0,220.65
3681,Asociación Jáquez-Nájera,219.1,0.0,219.1
1699,Font de Serna e Hijo,218.27,0.0,218.27
1389,Tapia de De la Fuente,1699.28,1486.37,212.91
4507,"Olivas, Naranjo y De la Cruz e Hijo",212.41,0.0,212.41
255,Gallego-Romero e Hija,732.27,522.01,210.26
1003,Gestora Borrego SRL,892.88,684.9,207.98
69,Grupo Trujillo-Benavídez,1985.39,1778.12,207.27
4104,Zepeda-Garza,1813.95,1608.71,205.24
4470,Cuellar de Domínguez e Hijo,203.42,0.0,203.42
2047,Carvajal-Maldonado,201.0,0.0,201.0
2158,Asociación Razo e Hijos,200.83,0.0,200.83
2912,Cortés de Córdova S. de H.,2581.54,2380.91,200.63
2644,"Ceballos, Asensio y Loya e Hija",199.1,0.0,199.1
770,Aguilera-Toro,198.02,0.0,198.02
3318,Viajes Hernando,1877.28,1681.21,196.07
3277,Almaráz de Piñeiro,944.25,749.31,194.94
2819,Garrido de Montemayor y Flia.,194.77,0.0,194.77
3521,"Carrasco, Padilla y Lemus y Asoc.",194.26,0.0,194.26
3553,Espinoza-Delapaz y Flia.,1684.51,1490.59,193.92
4942,Empresa Guardado-Arreola,1869.45,1676.27,193.18
1906,Juan y Miguel S. de H.,193.16,0.0,193.16
1830,Noriega y Laureano y Flia.,661.0,468.18,192.82
1437,Peralta de Flores,1411.5,1218.81,192.69
2783,"Perea, Baca y Benito SA",192.14,0.0,192.14
4441,Global Montaño,864.62,672.49,192.13
2849,Air Montemayor-Hidalgo,191.63,0.0,191.63
346,Rodríquez de Bustos e Hijo,189.06,0.0,189.06
351,"Ponce, De la Fuente y Cruz SA",188.94,0.0,188.94
2115,Guzmán de Sedillo,844.29,656.11,188.18
4699,Olmos y Segovia,1547.51,1360.68,186.83
802,Gallegos de Tejada,186.8,0.0,186.8
246,Borrego-Montenegro e Hija,1655.74,1469.27,186.47
4676,Centro Ríos,186.1,0.0,186.1
4779,Air Corrales-Murillo,183.87,0.0,183.87
263,Alonzo de Gutiérrez,1586.6,1402.73,183.87
2519,Macías-Baeza y Flia.,754.34,570.7,183.64
3015,De Jesús y Curiel e Hijo,182.48,0.0,182.48
1659,Viajes Olvera S. de H.,944.51,763.18,181.33
1016,"Escalante, Altamirano y Rincón e Hijos",177.92,0.0,177.92
3868,Sola y Arellano,174.13,0.0,174.13
2641,Roybal-Valadez S. de H.,173.92,0.0,173.92
364,Ledesma y Peña e Hijo,170.28,0.0,170.28
109,Perales y Chávez y Flia.,169.13,0.0,169.13
4868,Air Delacrúz e Hijos,1335.31,1167.14,168.17
2624,Fajardo de Luevano y Flia.,167.75,0.0,167.75
2601,Segura y Crespo,535.7,367.99,167.71
2017,Air Saldaña y Flia.,798.64,633.1,165.54
3261,Lebrón-Quiroz SRL,1765.46,1600.62,164.84
4249,Banda y Villaseñor,164.76,0.0,164.76
2099,Miranda-Rivera e Hijos,3462.38,3298.18,164.2
1374,Pastor de Riera,1991.86,1827.68,164.18
4713,Deleón y Marrero,1115.9,952.51,163.39
120,Villanueva-Uribe,163.37,0.0,163.37
4919,Pedroza de Nazario,161.29,0.0,161.29
155,Grupo Mares,965.76,805.99,159.77
293,Aguado de Gaitán,156.42,0.0,156.42
1246,Zavala y Velázquez,422.03,266.61,155.42
2397,"Briones, Andreu y Acuña SA",155.23,0.0,155.23
1487,"Vidal, Delao y Zayas SRL",904.16,749.04,155.12
4012,"Méndez, Polanco y Segura e Hijos",155.06,0.0,155.06
2527,Empresa Espinoza,1580.4,1426.32,154.08
2320,"Lorenzo, Esteban y Medina y Flia.",960.98,807.01,153.97
2563,Empresa Camacho-Valdés,1192.49,1038.69,153.8
4650,Ojeda de Vigil e Hijos,152.14,0.0,152.14
339,Castellano de Balderas S. de H.,1301.09,1149.09,152.0
1707,Corporación González-Nazario,449.62,298.09,151.53
1109,Terrazas de Puga SRL,150.49,0.0,150.49
2757,Guerra de Oliva,148.29,0.0,148.29
1507,Tapia de Fajardo,508.46,361.86,146.6
4744,Agosto y Ocasio e Hija,190.02,45.11,144.91
2245,Ocasio-Naranjo e Hija,143.45,0.0,143.45
2431,Quintana y Amador y Asoc.,141.79,0.0,141.79
660,Empresa Partida-Cepeda,140.76,0.0,140.76
2568,Ballesteros y Nava,276.19,135.79,140.4
3778,Grupo Castillo e Hija,1596.8,1456.43,140.37
3995,"Espinal, Partida y Nieto e Hijos",140.27,0.0,140.27
2871,Aguado y Medina,138.17,0.0,138.17
4537,Cuenca-Espinosa e Hija,1260.15,1123.68,136.47
2518,Baeza de Covarrubias e Hijo,135.81,0.0,135.81
1237,Adorno y Cervantes,135.0,0.0,135.0
4756,Mondragón-Pastor,134.09,0.0,134.09
2060,Arribas y Bonilla SRL,1925.68,1791.62,134.06
2096,Grupo Alonso-Báez,628.45,495.05,133.4
1685,Air Osorio e Hijos,133.37,0.0,133.37
4877,"Olivera, Alcántar y Montalvo SRL",131.63,0.0,131.63
4621,Corporación Menéndez-Galindo,2047.63,1916.07,131.56
2244,Ureña-Grijalva e Hija,2251.43,2122.74,128.69
2715,Naranjo y Blázquez e Hija,128.01,0.0,128.01
720,Archuleta de Cuenca,127.72,0.0,127.72
4341,Corporación Segovia e Hija,126.88,0.0,126.88
1929,Andrés-Rascón,126.3,0.0,126.3
4796,Empresa Hurtado S. de H.,125.74,0.0,125.74
716,Orta y Alva y Asoc.,592.44,466.76,125.68
2313,Alonzo y Guzmán,125.4,0.0,125.4
4303,Caldera-Chávez e Hija,123.94,0.0,123.94
661,Pelayo y Loya e Hijos,3541.17,3418.43,122.74
2509,Ornelas-Banda,1494.94,1373.12,121.82
1089,Cintrón-Trujillo SRL,121.26,0.0,121.26
1747,Villaseñor de Bautista e Hijo,119.05,0.0,119.05
1436,Salazar-Zavala,118.69,0.0,118.69
3231,Garza-Díaz,1530.92,1412.8,118.12
3462,"Millán, Guzmán y Barragán y Flia.",116.92,0.0,116.92
2311,Saiz de Hinojosa e Hija,115.19,0.0,115.19
2493,Caraballo y Hernando,1325.03,1210.52,114.51
2980,Botello de Longoria e Hijos,113.75,0.0,113.75
2793,Gestora Parra e Hijos,876.33,762.72,113.61
4135,Centro Arellano-Benavides,1333.74,1221.03,112.71
4474,Rosado de Adame S. de H.,265.12,152.91,112.21
897,Air Alemán-Aguilera,1397.48,1285.38,112.1
2561,Solorzano de Colón y Flia.,431.54,321.44,110.1
3960,Beltrán-Lorente SRL,109.19,0.0,109.19
1326,Asociación Casado-Mireles,1346.92,1241.86,105.06
2120,Viera-Requena,1045.51,941.07,104.44
156,Mata y Arroyo SRL,101.96,0.0,101.96
1560,Global Aranda,99.38,0.0,99.38
1477,Pelayo de Marco e Hijo,96.71,0.0,96.71
3773,Rivas de Villalobos SRL,95.13,0.0,95.13
4625,"Martí, Luis y Villagómez y Asoc.",1897.52,1803.2,94.32
3829,Grupo Plaza-Pantoja,93.85,0.0,93.85
3872,Pardo de Pelayo,93.29,0.0,93.29
440,Terrazas y Villagómez y Flia.,92.71,0.0,92.71
2064,Corporación Rascón-Serna,996.4,904.22,92.18
2037,Grupo Jasso e Hijos,91.2,0.0,91.2
4316,Tapia y Rolón e Hijo,1423.73,1335.15,88.58
2780,Alanis y Escamilla SA,87.56,0.0,87.56
687,Meraz y Lerma,85.17,0.0,85.17
3502,Marcos de Caldera y Flia.,1548.52,1463.47,85.05
2142,Villalobos de Fuentes,83.83,0.0,83.83
321,Hurtado-Anguiano,82.59,0.0,82.59
786,Bustos de Colunga e Hijo,1596.87,1515.39,81.48
2708,Air Solano-Coronado,80.78,0.0,80.78
4312,Corporación Negrón-Banda,641.78,562.6,79.18
2794,Beltrán y Loya,1067.53,989.44,78.09
804,Viajes Escribano,76.55,0.0,76.55
4354,Robledo-Asensio,601.84,525.92,75.92
3975,Sedillo-Corona,73.32,0.0,73.32
1191,Viajes Sanabria-Ruelas,73.01,0.0,73.01
2334,Fierro-Antón e Hija,72.82,0.0,72.82
322,Ramón y Palomino,72.66,0.0,72.66
2256,De Jesús-Casanova SA,72.53,0.0,72.53
1431,Sánchez y Angulo y Flia.,1498.61,1427.87,70.74
2234,"Vega, Ontiveros y Rangel y Flia.",466.94,397.05,69.89
2203,"Granados, Villalba y Menéndez y Asoc.",69.44,0.0,69.44
914,Rubio-Carrión e Hija,65.96,0.0,65.96
1526,Valentín y Abrego e Hija,65.27,0.0,65.27
1958,Aguilera-Venegas,62.76,0.0,62.76
3667,Orozco-Zapata,1807.08,1744.62,62.46
3452,"Guillen, Oquendo y Toledo y Asoc.",61.96,0.0,61.96
2009,Lázaro y Véliz,1435.26,1373.51,61.75
2963,Rolón-Cabán y Asoc.,61.48,0.0,61.48
2290,Grupo Muñiz SA,61.3,0.0,61.3
641,Empresa Hinojosa SA,60.74,0.0,60.74
4329,Grijalva-Olvera SRL,1515.63,1455.6,60.03
3594,Centro Rico e Hijo,59.37,0.0,59.37
3276,Holguín de Maldonado,59.01,0.0,59.01
197,Cabán-Rueda,1774.11,1715.24,58.87
1231,Méndez de Barroso,2652.03,2593.73,58.3
3751,Laureano-Valencia y Asoc.,1112.85,1055.31,57.54
3723,Peralta de Mota,1298.32,1241.32,57.0
870,Valentín de Becerra e Hija,1954.84,1899.55,55.29
991,Sanz de Elizondo,54.32,0.0,54.32
2187,Asociación Rubio SRL,1663.72,1610.16,53.56
2786,Gestora Quesada,52.36,0.0,52.36
4897,Quintero de Jasso y Flia.,49.52,0.0,49.52
2329,Leiva y Medrano,357.93,312.05,45.88
4978,Vela de Torres e Hijos,44.91,0.0,44.91
403,Franco-Tapia e Hija,43.29,0.0,43.29
2938,Vallejo-Cortés,42.22,0.0,42.22
3538,Laboy y Marco,1724.35,1684.99,39.36
3076,Rolón y Baca,1547.71,1508.39,39.32
1789,Garay de Deleón,39.13,0.0,39.13
3809,Grupo Heredia,626.03,587.09,38.94
3726,Verdugo-Madrid,1422.22,1383.59,38.63
117,Enríquez de Ulibarri e Hija,37.45,0.0,37.45
4369,Armijo de Silva,37.11,0.0,37.11
4825,Requena de Madrid SRL,762.68,726.0,36.68
2010,Air Campos e Hijos,1919.59,1884.57,35.02
2160,Grupo Varela-Peláez,33.34,0.0,33.34
4239,"Alicea, Madera y Alejandro e Hijos",33.07,0.0,33.07
3070,Santacruz-Meraz,1958.34,1925.71,32.63
3857,Pelayo-Treviño,464.1,434.79,29.31
1737,Clemente de Alejandro y Asoc.,1006.22,977.03,29.19
1974,Barroso-Corral,28.69,0.0,28.69
1123,Godínez de Sandoval e Hija,28.17,0.0,28.17
3682,Ortega-Correa e Hijo,28.15,0.0,28.15
1877,"Tirado, Orozco y Guajardo S. de H.",1043.68,1016.86,26.82
4893,Asociación Benítez SA,1820.13,1794.8,25.33
1809,Garibay de Benavides SA,1132.55,1107.26,25.29
4216,Valles-Expósito y Flia.,1826.58,1801.36,25.22
1053,Riojas y Ros y Asoc.,22.97,0.0,22.97
3741,"Lucio, Rivas y Rivero SA",1023.45,1002.74,20.71
1913,Empresa Montes y Flia.,20.4,0.0,20.4
3941,Lozano de Jaime SA,88.7,73.24,15.46
4141,Gestora Madrigal e Hijos,586.3,572.28,14.02
1893,Corporación Asensio-Archuleta,413.13,404.96,8.17
2910,Delapaz y Lara e Hijos,39.82,32.9,6.92
2777,Centro Guerrero-Girón,476.75,470.93,5.82
1751,Olivera-Lázaro e Hijo,0.0,0.0,0.0
1754,Viajes Chacón-Negrón,0.0,0.0,0.0
1759,Chapa y Almanza,0.0,0.0,0.0
1760,Global Galindo-Ruvalcaba,0.0,0.0,0.0
1764,Moya-Sepúlveda y Asoc.,0.0,0.0,0.0
1767,Global Acosta,0.0,0.0,0.0
1772,Corporación Vásquez-Alicea,0.0,0.0,0.0
1776,Solano-Escudero,0.0,0.0,0.0
1781,Corporación Nazario S. de H.,0.0,0.0,0.0
1785,Santiago y Salas,0.0,0.0,0.0
1794,Ballesteros-Tafoya y Flia.,0.0,0.0,0.0
1798,Puente de Valdez,0.0,0.0,0.0
1802,Palacios y Quintana y Flia.,0.0,0.0,0.0
1805,Centro Canales-Ozuna,0.0,0.0,0.0
1806,"Rangel, Saldivar y Arguello S. de H.",0.0,0.0,0.0
1816,Lomeli-Coronado,0.0,0.0,0.0
1819,"Fajardo, Crespo y Regalado S. de H.",0.0,0.0,0.0
1825,Moreno de Cortés e Hijo,0.0,0.0,0.0
1828,Romero-Martínez y Asoc.,0.0,0.0,0.0
1834,Toledo y Cintrón S. de H.,0.0,0.0,0.0
1835,Grupo Andrés e Hijo,0.0,0.0,0.0
1842,"Gonzáles, Posada y Delacrúz e Hija",0.0,0.0,0.0
1843,Alicea de Loya e Hija,0.0,0.0,0.0
1844,Ramón de Arguello e Hijo,0.0,0.0,0.0
1862,Tello-Gaytán y Asoc.,0.0,0.0,0.0
1867,"Alvarado, Sisneros y Colunga SRL",0.0,0.0,0.0
1886,Acevedo de Soto e Hijo,0.0,0.0,0.0
1889,Rojo-Anguiano,0.0,0.0,0.0
1892,Villegas-Valladares e Hijos,0.0,0.0,0.0
1897,Ontiveros y Zepeda,0.0,0.0,0.0
1898,Jaime-Montero,0.0,0.0,0.0
1900,Global Estévez,0.0,0.0,0.0
1901,De Anda y Carreón,0.0,0.0,0.0
1902,Matías de Pozo SA,0.0,0.0,0.0
1905,Piña y Ontiveros SRL,0.0,0.0,0.0
1910,Rivas-Munguía y Asoc.,0.0,0.0,0.0
1914,Narváez de Abrego y Flia.,0.0,0.0,0.0
1916,Estévez y Marcos e Hija,0.0,0.0,0.0
1925,Viajes Soriano e Hijo,0.0,0.0,0.0
1939,Global Matías y Flia.,0.0,0.0,0.0
1942,Global Camacho-Villareal,0.0,0.0,0.0
1950,Gómez-Duarte e Hijo,0.0,0.0,0.0
1957,Arteaga de Palacios,0.0,0.0,0.0
1959,Santiago-Palomo,0.0,0.0,0.0
1962,Lebrón y Cordero y Flia.,0.0,0.0,0.0
1963,Asociación Barreto,0.0,0.0,0.0
1966,Morales-Ulibarri SA,0.0,0.0,0.0
1968,Delafuente de Páez SRL,0.0,0.0,0.0
1971,Simón y Saavedra,0.0,0.0,0.0
1972,Aragón y Soto,0.0,0.0,0.0
1975,Duran y Mireles,0.0,0.0,0.0
1977,Cobo-Valladares SRL,0.0,0.0,0.0
1980,Ledesma y Caro S. de H.,0.0,0.0,0.0
1983,"Maya, Requena y Martín y Flia.",0.0,0.0,0.0
1984,Sosa-Valverde y Flia.,0.0,0.0,0.0
1988,"Garibay, Madera y Corral e Hijo",0.0,0.0,0.0
1989,Centro Tirado-Villagómez,0.0,0.0,0.0
1993,Herrera y Mota e Hijo,0.0,0.0,0.0
1997,Cintrón de Abeyta SA,0.0,0.0,0.0
1998,Murillo y Ordóñez SA,0.0,0.0,0.0
2001,Velasco-Irizarry,0.0,0.0,0.0
2002,Lomeli de Alejandro SRL,0.0,0.0,0.0
2004,Centro Antón y Flia.,0.0,0.0,0.0
2005,Air Hernando,0.0,0.0,0.0
2006,Gestora Almaráz-Leiva,0.0,0.0,0.0
2007,Empresa Giménez,0.0,0.0,0.0
2023,Linares de Delatorre e Hijos,0.0,0.0,0.0
2032,Cornejo y Lemus SRL,0.0,0.0,0.0
2035,Centro Briones e Hija,0.0,0.0,0.0
2038,Peláez de Polanco,0.0,0.0,0.0
2045,Partida de Mojica S. de H.,0.0,0.0,0.0
2053,Centro Lozada,0.0,0.0,0.0
2054,Caro y Cazares e Hija,0.0,0.0,0.0
2058,Matos y Magaña,0.0,0.0,0.0
2059,Gestora Loya,0.0,0.0,0.0
2062,Mena-Apodaca e Hijos,0.0,0.0,0.0
2066,Olivo-Balderas y Flia.,0.0,0.0,0.0
2067,"Espinosa, Roque y Becerra e Hija",0.0,0.0,0.0
2070,Gallego de Rivera SRL,0.0,0.0,0.0
2074,Galán-Figueroa,0.0,0.0,0.0
2078,Grupo Bonilla,0.0,0.0,0.0
2083,"Borrego, Sandoval y Molina S. de H.",0.0,0.0,0.0
2095,Centro Valdez-Zambrano,0.0,0.0,0.0
2103,Empresa De la Fuente e Hijo,0.0,0.0,0.0
2105,Expósito-Montemayor e Hijos,0.0,0.0,0.0
2107,"Quintana, Terrazas y Almaráz SA",0.0,0.0,0.0
2114,Razo y Niño SA,0.0,0.0,0.0
2121,Viajes Sandoval-Ortega,0.0,0.0,0.0
2126,"Sepúlveda, Sánchez y Alcaráz e Hijo",0.0,0.0,0.0
2129,"Córdoba, Sauceda y Ramos e Hijo",0.0,0.0,0.0
2134,Empresa Meraz-Leal,0.0,0.0,0.0
2138,Martínez y Quintero,0.0,0.0,0.0
2140,Viajes Carrillo SA,0.0,0.0,0.0
2147,Hernándes-Serrano y Asoc.,0.0,0.0,0.0
2148,Castellanos y Núñez e Hijos,0.0,0.0,0.0
2151,Asociación Oliva SA,0.0,0.0,0.0
2153,Centeno y Castro SRL,0.0,0.0,0.0
2156,Cazares-Prado S. de H.,0.0,0.0,0.0
2168,Gestora Razo,0.0,0.0,0.0
2174,Aragón-Romero,0.0,0.0,0.0
2180,Gestora De la Fuente-Pardo,0.0,0.0,0.0
2182,Ruíz-Mejía,0.0,0.0,0.0
2184,Blasco de Saiz S. de H.,0.0,0.0,0.0
2186,"Vargas, González y Reyes y Flia.",0.0,0.0,0.0
2188,Becerra-Guzmán e Hijo,0.0,0.0,0.0
2201,"Tafoya, Castaño y Márquez y Asoc.",0.0,0.0,0.0
2202,Gimeno de Martos,0.0,0.0,0.0
2204,Nevárez de Castro,0.0,0.0,0.0
2206,Caldera de Aranda,0.0,0.0,0.0
2213,Guzmán y Peres y Asoc.,0.0,0.0,0.0
2218,Gestora Hidalgo-Téllez,0.0,0.0,0.0
2219,Asociación Osorio-Jiménez,0.0,0.0,0.0
2225,Arteaga y Colón e Hija,0.0,0.0,0.0
2228,Corporación Rosa SRL,0.0,0.0,0.0
2231,Tirado-Cavazos,0.0,0.0,0.0
2237,"Gimeno, Esteban y Pedraza S. de H.",0.0,0.0,0.0
2241,Juárez y Matos,0.0,0.0,0.0
2243,Asociación Lira y Flia.,0.0,0.0,0.0
2247,Garza y Pabón,0.0,0.0,0.0
2248,Asociación Gaona,0.0,0.0,0.0
2249,Air Serra,0.0,0.0,0.0
2253,Páez-Polanco,0.0,0.0,0.0
2254,Matos-Díez S. de H.,0.0,0.0,0.0
2257,Lira y Villalpando,0.0,0.0,0.0
2266,Global Alva,0.0,0.0,0.0
2271,Henríquez y Adame,0.0,0.0,0.0
2273,Altamirano de Luján,0.0,0.0,0.0
2274,Centro Ojeda,0.0,0.0,0.0
2283,Almaráz-Corral e Hijo,0.0,0.0,0.0
2284,Vera de Villar,0.0,0.0,0.0
2285,Grupo Rincón e Hijo,0.0,0.0,0.0
2293,Rodríguez de Casas,0.0,0.0,0.0
2298,Rosa-Viera S. de H.,0.0,0.0,0.0
2304,Castaño y Otero e Hijo,0.0,0.0,0.0
2309,Quezada de Quiñones,0.0,0.0,0.0
2310,Viajes Noriega,0.0,0.0,0.0
2312,Segovia de Plaza SA,0.0,0.0,0.0
2314,Rendón de Lira,0.0,0.0,0.0
2316,Empresa Santos,0.0,0.0,0.0
2319,Luque-Ballesteros e Hijos,0.0,0.0,0.0
2325,Chávez de Moya,0.0,0.0,0.0
2337,Araña y Roque,0.0,0.0,0.0
2338,Báez de Caraballo,0.0,0.0,0.0
2342,Delagarza y Varela,0.0,0.0,0.0
2350,Bermejo y Gaytán SA,0.0,0.0,0.0
2353,Viajes Sotelo-Ordóñez,0.0,0.0,0.0
2356,Partida-Vargas,0.0,0.0,0.0
2361,Air Santamaría,0.0,0.0,0.0
2362,Asociación Serra-Pichardo,0.0,0.0,0.0
2365,"Camarillo, Pantoja y Serrano e Hija",0.0,0.0,0.0
2372,Global Amaya-Olivárez,0.0,0.0,0.0
2375,Cobo de Tijerina,0.0,0.0,0.0
2376,Grupo Yáñez SA,0.0,0.0,0.0
2380,Corporación Villa SRL,0.0,0.0,0.0
2389,Ocampo y Rojo S. de H.,0.0,0.0,0.0
2391,Alonso de Carvajal,0.0,0.0,0.0
2395,Soler-Rivero,0.0,0.0,0.0
2396,Armas y Murillo,0.0,0.0,0.0
2398,"Galindo, Elizondo y Soto e Hijos",0.0,0.0,0.0
2399,Asociación Roig-Ramírez,0.0,0.0,0.0
2405,"Delao, Hurtado y Acosta SRL",0.0,0.0,0.0
2410,González-Villar,0.0,0.0,0.0
2435,"Vásquez, Escalante y Acosta S. de H.",0.0,0.0,0.0
2446,Global Villareal y Asoc.,0.0,0.0,0.0
2461,"Barraza, Nieves y Núñez S. de H.",0.0,0.0,0.0
2468,Global Ordóñez,0.0,0.0,0.0
2489,Centro Meléndez-Orozco,0.0,0.0,0.0
2498,Empresa Ojeda-Villagómez,0.0,0.0,0.0
2505,Bermejo y Marroquín e Hija,0.0,0.0,0.0
2508,Olivas-Cervantes SA,0.0,0.0,0.0
2523,Bernal y Montes S. de H.,0.0,0.0,0.0
2526,Rocha y Palomino y Flia.,0.0,0.0,0.0
2530,"Rivera, Otero y Venegas e Hija",0.0,0.0,0.0
2533,Orozco y Meza e Hijos,0.0,0.0,0.0
2536,Segura y Benito e Hijos,0.0,0.0,0.0
2544,Jaramillo de Hernándes e Hijo,0.0,0.0,0.0
2545,"Adame, Salazar y Barrientos y Asoc.",0.0,0.0,0.0
2550,Miranda y Polanco,0.0,0.0,0.0
2555,Mateos de Cornejo,0.0,0.0,0.0
2556,"Villagómez, Rangel y Solorzano y Asoc.",0.0,0.0,0.0
2559,Hernández de Arroyo e Hija,0.0,0.0,0.0
2573,Zamora de Martínez e Hijos,0.0,0.0,0.0
2575,Oquendo-Treviño e Hijos,0.0,0.0,0.0
2581,Menéndez-Noriega y Asoc.,0.0,0.0,0.0
2583,Lorente de Castillo y Flia.,0.0,0.0,0.0
2586,"Reyes, Alcala y Ozuna y Flia.",0.0,0.0,0.0
2588,Linares de Vergara,0.0,0.0,0.0
2595,Pichardo y Requena,0.0,0.0,0.0
2597,Urías-Martín,0.0,0.0,0.0
2615,Ávila de Negrete,0.0,0.0,0.0
2618,Deleón de Zamudio,0.0,0.0,0.0
2625,Grupo Curiel e Hijo,0.0,0.0,0.0
2640,Pizarro-Delvalle,0.0,0.0,0.0
2642,"Portillo, Porras y Rodríguez e Hijo",0.0,0.0,0.0
2646,Galán de Sáenz y Asoc.,0.0,0.0,0.0
2655,Asociación Rico-Marco,0.0,0.0,0.0
2658,Asociación Cabrera e Hija,0.0,0.0,0.0
2682,Vázquez y Nazario,0.0,0.0,0.0
2684,Enríquez de Morales,0.0,0.0,0.0
2686,Ceja y Santana y Flia.,0.0,0.0,0.0
2698,Romero y Riera,0.0,0.0,0.0
2699,Abrego de Orellana,0.0,0.0,0.0
2700,Elizondo de Riera SA,0.0,0.0,0.0
2702,Ríos de Serna,0.0,0.0,0.0
2703,Juárez y Tórrez,0.0,0.0,0.0
2706,Balderas-Conde S. de H.,0.0,0.0,0.0
2717,"Abreu, Corona y Benítez SA",0.0,0.0,0.0
2718,Grupo Torres,0.0,0.0,0.0
2723,Carreón de Quintana,0.0,0.0,0.0
2727,Global Gallardo,0.0,0.0,0.0
2728,Corporación Escalante,0.0,0.0,0.0
2731,Villalpando de Zamora S. de H.,0.0,0.0,0.0
2739,Montaño y Pantoja,0.0,0.0,0.0
2744,Asociación Mascareñas,0.0,0.0,0.0
2761,Contreras-Loera e Hijo,0.0,0.0,0.0
2785,Zúñiga-Arevalo e Hijo,0.0,0.0,0.0
2795,Montalvo y Riera,0.0,0.0,0.0
2798,Camacho y Alva SRL,0.0,0.0,0.0
2799,Brito y Nava,0.0,0.0,0.0
2800,Grupo Mejía,0.0,0.0,0.0
2802,Betancourt-Navas,0.0,0.0,0.0
2806,Viajes Nieto,0.0,0.0,0.0
2817,"Laureano, Alba y Alcántar e Hijos",0.0,0.0,0.0
2822,"Rendón, Colunga y Bustos e Hija",0.0,0.0,0.0
2824,Zamora y Robles y Asoc.,0.0,0.0,0.0
2826,Correa-Casillas e Hijo,0.0,0.0,0.0
2836,Navas-Montenegro,0.0,0.0,0.0
2838,"Vázquez, Caballero y Macias e Hijos",0.0,0.0,0.0
2843,Ureña y Anaya S. de H.,0.0,0.0,0.0
2845,Gestora Oliver SA,0.0,0.0,0.0
2846,Centro Reyna e Hija,0.0,0.0,0.0
2854,"Arce, Rael y Juárez e Hijos",0.0,0.0,0.0
2857,Samaniego-Bahena,0.0,0.0,0.0
2867,Grupo Tejeda-Robledo,0.0,0.0,0.0
2870,Zarate de Almanza SRL,0.0,0.0,0.0
2875,Yáñez y Juan,0.0,0.0,0.0
2876,Oquendo de Ledesma,0.0,0.0,0.0
2895,Martínez y Trujillo,0.0,0.0,0.0
2896,Grupo Badillo,0.0,0.0,0.0
2898,Gracia-Salvador,0.0,0.0,0.0
2900,"Carmona, Verdugo y Luevano y Flia.",0.0,0.0,0.0
2908,Jiménez-Manzanares,0.0,0.0,0.0
2917,Mateos de Herrera e Hija,0.0,0.0,0.0
2921,"Carbonell, Roque y Rivero SRL",0.0,0.0,0.0
2927,Jaimes de Nava,0.0,0.0,0.0
2929,Air Farías-Estévez,0.0,0.0,0.0
2932,Manzano-Corona e Hijos,0.0,0.0,0.0
2933,Global Montenegro-Bustos,0.0,0.0,0.0
2934,Grupo Soriano y Asoc.,0.0,0.0,0.0
2936,Arenas de Madrid e Hija,0.0,0.0,0.0
2939,"Blanco, Lara y Valdez e Hijo",0.0,0.0,0.0
2940,Empresa Navarro,0.0,0.0,0.0
2951,Asociación Serrato,0.0,0.0,0.0
2956,"Aguayo, Cabán y Mondragón SA",0.0,0.0,0.0
2960,Lucio y Serra,0.0,0.0,0.0
2972,Del Río y Villalba,0.0,0.0,0.0
2973,Narváez-Arribas SA,0.0,0.0,0.0
2976,Varela-Navarrete,0.0,0.0,0.0
2981,Centro Molina,0.0,0.0,0.0
2984,Asociación Zarate S. de H.,0.0,0.0,0.0
2991,Sepúlveda-Urías SA,0.0,0.0,0.0
2994,Rosario y Ybarra S. de H.,0.0,0.0,0.0
2999,Oliver y Saldivar,0.0,0.0,0.0
3003,Chapa de Estévez,0.0,0.0,0.0
3004,Ruelas de Zamudio e Hija,0.0,0.0,0.0
3005,Flores y Valencia,0.0,0.0,0.0
3006,Rodríquez de Villarreal e Hijo,0.0,0.0,0.0
3021,"Piñeiro, Villalobos y Menchaca SA",0.0,0.0,0.0
3028,Centro Cuevas e Hija,0.0,0.0,0.0
3035,Cobo y Páez,0.0,0.0,0.0
3040,Esteban de Reina,0.0,0.0,0.0
3048,Mares de Castro,0.0,0.0,0.0
3052,Asociación Aranda,0.0,0.0,0.0
3056,"Urías, Luevano y Reynoso e Hijo",0.0,0.0,0.0
3058,Centro Valadez-Tapia,0.0,0.0,0.0
3059,Centro Ornelas-Centeno,0.0,0.0,0.0
3061,Santillán-Jiménez,0.0,0.0,0.0
3078,Cantú de Carballo SA,0.0,0.0,0.0
3080,Vigil-Roca SA,0.0,0.0,0.0
3088,Global Carmona,0.0,0.0,0.0
3090,"Pacheco, Morales y Medina e Hija",0.0,0.0,0.0
3108,Burgos de Jiménez e Hijos,0.0,0.0,0.0
3111,Benavídez de Arias e Hija,0.0,0.0,0.0
3120,Ferrer-Silva y Asoc.,0.0,0.0,0.0
3128,Bustamante de Baeza e Hijo,0.0,0.0,0.0
3137,Esteve y Santillán,0.0,0.0,0.0
3142,Conde y Carrera,0.0,0.0,0.0
3144,Corporación Salas-Molina,0.0,0.0,0.0
3147,Hurtado y Puig e Hijo,0.0,0.0,0.0
3153,Canales de Meraz,0.0,0.0,0.0
3157,Corporación Montero,0.0,0.0,0.0
3169,Alarcón y Holguín,0.0,0.0,0.0
3176,Grupo Acosta y Asoc.,0.0,0.0,0.0
3178,Asociación Villagómez,0.0,0.0,0.0
3189,Ponce y Miguel SA,0.0,0.0,0.0
3194,Corporación Cardona-Rojo,0.0,0.0,0.0
3195,Becerra-Loera,0.0,0.0,0.0
3197,Huerta de Espinoza y Flia.,0.0,0.0,0.0
3198,Madrid-Esteve,0.0,0.0,0.0
3203,Martí-Domingo SA,0.0,0.0,0.0
3207,"Linares, Valenzuela y Caro e Hijo",0.0,0.0,0.0
3212,Corporación Pardo e Hijo,0.0,0.0,0.0
3215,Global Llamas SRL,0.0,0.0,0.0
3216,Bahena y Simón SRL,0.0,0.0,0.0
3217,Delatorre-Flórez,0.0,0.0,0.0
3218,Costa-Reyna e Hija,0.0,0.0,0.0
3221,Jimínez-Urrutia SA,0.0,0.0,0.0
3229,Global Tirado,0.0,0.0,0.0
3230,Polanco y Lozada e Hijo,0.0,0.0,0.0
3232,Centro Pabón-Carbajal,0.0,0.0,0.0
3233,Bustamante de Miramontes,0.0,0.0,0.0
3237,"Granados, Córdoba y Marrero e Hijos",0.0,0.0,0.0
3238,"Gallegos, Roig y Juárez e Hija",0.0,0.0,0.0
3251,Air Alemán e Hija,0.0,0.0,0.0
3263,Castellano y Cortés SRL,0.0,0.0,0.0
3264,Castañeda de Vela SA,0.0,0.0,0.0
3267,Corporación Morales-Delgado,0.0,0.0,0.0
3270,Bernal de Andreu,0.0,0.0,0.0
3271,Alfaro de Díaz,0.0,0.0,0.0
3275,Global Barrera-Betancourt,0.0,0.0,0.0
3278,Muñoz-Zayas SA,0.0,0.0,0.0
3279,Gestora Merino-Tovar,0.0,0.0,0.0
3282,Lucero-Figueroa e Hijo,0.0,0.0,0.0
3283,Rueda-Berríos,0.0,0.0,0.0
3285,Asociación Ojeda-Carbajal,0.0,0.0,0.0
3292,Gonzáles-Girón,0.0,0.0,0.0
3299,Asociación García y Asoc.,0.0,0.0,0.0
3301,"Domínquez, Delagarza y Reyna SA",0.0,0.0,0.0
3309,Lucero-Alfonso,0.0,0.0,0.0
3312,"Godínez, Espino y Santiago e Hijos",0.0,0.0,0.0
3315,"Barajas, Bravo y Vanegas e Hijos",0.0,0.0,0.0
3319,"Villareal, Batista y Concepción e Hija",0.0,0.0,0.0
3322,Espinal-Sáenz y Flia.,0.0,0.0,0.0
3323,Vidal-Correa,0.0,0.0,0.0
3333,Air Godínez,0.0,0.0,0.0
3340,Gestora Méndez,0.0,0.0,0.0
3348,Montoya de Carvajal,0.0,0.0,0.0
3353,Empresa Alicea,0.0,0.0,0.0
3356,Morales y Grijalva,0.0,0.0,0.0
3359,Henríquez-Padilla,0.0,0.0,0.0
3362,Corporación Quiroz y Flia.,0.0,0.0,0.0
3366,Macias y Domínquez,0.0,0.0,0.0
3368,Ceja y Casárez,0.0,0.0,0.0
3371,Negrete de Aparicio,0.0,0.0,0.0
3375,Gestora Cadena e Hija,0.0,0.0,0.0
3377,Corporación Oliva-Amador,0.0,0.0,0.0
3378,Delatorre y Esteban e Hija,0.0,0.0,0.0
3383,Pedroza-Adorno,0.0,0.0,0.0
3387,Toledo de Pantoja,0.0,0.0,0.0
3401,Grupo Robles,0.0,0.0,0.0
3404,Román y Barela SA,0.0,0.0,0.0
3412,Abreu-Amador e Hijo,0.0,0.0,0.0
3413,Asociación Marrero,0.0,0.0,0.0
3421,"Bravo, Dávila y Ceballos y Flia.",0.0,0.0,0.0
3425,"Carballo, Aguado y Font S. de H.",0.0,0.0,0.0
3426,Reynoso de Mascareñas,0.0,0.0,0.0
3432,Calvo y Menéndez e Hijos,0.0,0.0,0.0
3434,Holguín-Asensio SRL,0.0,0.0,0.0
3437,Fuentes de Reyes,0.0,0.0,0.0
3440,Saucedo de De Anda S. de H.,0.0,0.0,0.0
4,Lemus de Collazo e Hija,0.0,0.0,0.0
11,Serrato de Rodríquez,0.0,0.0,0.0
39,Empresa Aguayo,0.0,0.0,0.0
64,Lozada de Ballesteros SRL,0.0,0.0,0.0
68,Valles de Arias,0.0,0.0,0.0
72,Olivo-Carmona e Hija,0.0,0.0,0.0
73,Vidal-Pastor e Hijo,0.0,0.0,0.0
77,"Adame, Barraza y Ruíz e Hija",0.0,0.0,0.0
83,Cuellar-Longoria S. de H.,0.0,0.0,0.0
91,Sancho de Peres y Asoc.,0.0,0.0,0.0
96,Izquierdo y Franco e Hija,0.0,0.0,0.0
98,Aguilar de Pulido e Hijos,0.0,0.0,0.0
107,Carrera y Alcaráz e Hijo,0.0,0.0,0.0
116,Altamirano y Jáquez,0.0,0.0,0.0
121,Ibáñez y Adame,0.0,0.0,0.0
124,Corral y Cardona SRL,0.0,0.0,0.0
128,Tejada de Lozano,0.0,0.0,0.0
129,Lerma y Marín e Hijos,0.0,0.0,0.0
132,"Ramírez, Arellano y Zamudio S. de H.",0.0,0.0,0.0
134,Castañeda-Abreu e Hijos,0.0,0.0,0.0
135,Jurado-Sevilla y Asoc.,0.0,0.0,0.0
141,Zavala de Apodaca,0.0,0.0,0.0
147,"Lorenzo, Batista y Caraballo y Asoc.",0.0,0.0,0.0
150,Peña de Sierra SRL,0.0,0.0,0.0
153,Air Duran e Hija,0.0,0.0,0.0
163,Carretero-Matos,0.0,0.0,0.0
164,Hidalgo y Barraza,0.0,0.0,0.0
165,Raya y Pacheco y Asoc.,0.0,0.0,0.0
167,Bautista de Zambrano,0.0,0.0,0.0
169,Asociación Vázquez SA,0.0,0.0,0.0
175,"Ponce, Vergara y Bueno SA",0.0,0.0,0.0
177,Corporación Treviño e Hija,0.0,0.0,0.0
179,Soto-De la Cruz,0.0,0.0,0.0
180,"Mata, Bernal y Alarcón e Hija",0.0,0.0,0.0
181,Pérez de Varela,0.0,0.0,0.0
192,Gestora Montenegro e Hijos,0.0,0.0,0.0
194,Rodrigo y Álvarez y Flia.,0.0,0.0,0.0
195,Air Leal,0.0,0.0,0.0
196,Velásquez y Salcedo SA,0.0,0.0,0.0
202,Alfaro y Tirado,0.0,0.0,0.0
221,Air Ramos,0.0,0.0,0.0
224,Tello y Lozada e Hijo,0.0,0.0,0.0
225,Villarreal y Heredia y Flia.,0.0,0.0,0.0
226,De la Cruz-Rincón,0.0,0.0,0.0
234,Viajes Zepeda,0.0,0.0,0.0
235,Viajes Solorzano SA,0.0,0.0,0.0
238,Grupo Rueda,0.0,0.0,0.0
239,"Gómez, Ibáñez y Narváez S. de H.",0.0,0.0,0.0
248,Correa y Arreola e Hija,0.0,0.0,0.0
249,Balderas de Blanco,0.0,0.0,0.0
253,Cuesta y Armenta e Hijo,0.0,0.0,0.0
262,Gestora Villarreal-Alejandro,0.0,0.0,0.0
277,Meléndez y Rentería,0.0,0.0,0.0
278,"Ybarra, Fierro y Madera y Asoc.",0.0,0.0,0.0
280,Grupo Santamaría,0.0,0.0,0.0
287,Holguín de Luevano,0.0,0.0,0.0
290,Valenzuela de Vázquez,0.0,0.0,0.0
295,Acuña y Casado e Hija,0.0,0.0,0.0
296,Alaniz-Camacho,0.0,0.0,0.0
303,Centro Tórrez-Martínez,0.0,0.0,0.0
306,Viajes Ibarra,0.0,0.0,0.0
307,Centro Peres-Garay,0.0,0.0,0.0
310,Montemayor y Serrano y Flia.,0.0,0.0,0.0
314,Sedillo y Rodríquez e Hija,0.0,0.0,0.0
319,Vicente de Márquez,0.0,0.0,0.0
329,De la Fuente de Robledo S. de H.,0.0,0.0,0.0
331,Asociación Orellana,0.0,0.0,0.0
337,Soriano de Zelaya y Flia.,0.0,0.0,0.0
338,"Ojeda, Tejeda y Meraz S. de H.",0.0,0.0,0.0
341,Coronado de Concepción,0.0,0.0,0.0
343,Cisneros de Alcaráz,0.0,0.0,0.0
352,Apodaca de Rico,0.0,0.0,0.0
356,Empresa Jasso-Samaniego,0.0,0.0,0.0
365,Nieto y Carbajal S. de H.,0.0,0.0,0.0
371,"Chapa, Cintrón y Peña e Hijo",0.0,0.0,0.0
383,"Carbajal, Santacruz y Ruelas S. de H.",0.0,0.0,0.0
385,Osorio de Escalante,0.0,0.0,0.0
394,Empresa Oquendo-Calvillo,0.0,0.0,0.0
397,Benito de Altamirano e Hijos,0.0,0.0,0.0
400,Coronado y Reyna,0.0,0.0,0.0
401,Fierro-Roldán SRL,0.0,0.0,0.0
407,Air Cabán S. de H.,0.0,0.0,0.0
408,Empresa Saavedra-Giménez,0.0,0.0,0.0
409,Navarrete y Gallego,0.0,0.0,0.0
417,Manzano de Negrete,0.0,0.0,0.0
425,"Chavarría, Cintrón y Irizarry e Hija",0.0,0.0,0.0
426,Granado y Benítez,0.0,0.0,0.0
427,Empresa Pascual-Chávez,0.0,0.0,0.0
431,Cornejo de Barreto,0.0,0.0,0.0
433,Cervántez-Padrón e Hija,0.0,0.0,0.0
438,Gestora Lomeli e Hijos,0.0,0.0,0.0
442,Atencio y Matos SRL,0.0,0.0,0.0
445,Núñez de Alejandro,0.0,0.0,0.0
449,"Camacho, Esteban y Castellanos SRL",0.0,0.0,0.0
457,Grupo Muñoz y Asoc.,0.0,0.0,0.0
458,Espino-Cisneros,0.0,0.0,0.0
459,Medina y Garrido,0.0,0.0,0.0
467,Viajes Castaño,0.0,0.0,0.0
473,Grupo Burgos e Hijo,0.0,0.0,0.0
474,Meraz-Alcala SA,0.0,0.0,0.0
477,Mercado de Benavídez e Hijo,0.0,0.0,0.0
480,Global Téllez-Abeyta,0.0,0.0,0.0
482,Viajes Mora SRL,0.0,0.0,0.0
483,"Chapa, Tamez y Sosa SRL",0.0,0.0,0.0
489,Jaime de Alfonso SA,0.0,0.0,0.0
490,Montes y Briseño y Asoc.,0.0,0.0,0.0
494,Barela y Tirado,0.0,0.0,0.0
499,Laureano de Rocha,0.0,0.0,0.0
500,Empresa Montalvo,0.0,0.0,0.0
504,Benito y Cornejo,0.0,0.0,0.0
528,Asociación Alaniz,0.0,0.0,0.0
533,Gestora Escudero e Hija,0.0,0.0,0.0
534,"Vásquez, Vaca y Romo e Hijos",0.0,0.0,0.0
540,Farías de Castillo,0.0,0.0,0.0
542,Cuevas-Tafoya e Hijos,0.0,0.0,0.0
545,Melgar-Calderón,0.0,0.0,0.0
555,Zelaya de Zelaya SRL,0.0,0.0,0.0
565,Holguín y Jiménez S. de H.,0.0,0.0,0.0
568,Urbina-Serrato y Flia.,0.0,0.0,0.0
570,Grupo Meraz e Hijos,0.0,0.0,0.0
571,Suárez y Laboy y Flia.,0.0,0.0,0.0
574,Gallardo-Loera SA,0.0,0.0,0.0
586,Air Salas e Hijos,0.0,0.0,0.0
589,Carrión y Partida,0.0,0.0,0.0
592,Gestora Valencia-Soler,0.0,0.0,0.0
597,Sancho de Palacios,0.0,0.0,0.0
599,Anguiano de Esparza,0.0,0.0,0.0
607,Manzano y Bustos,0.0,0.0,0.0
608,Empresa Silva SA,0.0,0.0,0.0
620,Grupo Villaseñor e Hijos,0.0,0.0,0.0
622,Global Carrera-Sosa,0.0,0.0,0.0
625,Llorente y Jaramillo S. de H.,0.0,0.0,0.0
628,Centro Santiago,0.0,0.0,0.0
631,Centro Esteban-Altamirano,0.0,0.0,0.0
634,Vergara de Valentín,0.0,0.0,0.0
636,Huerta-Lázaro,0.0,0.0,0.0
637,"Dávila, Carrillo y Villanueva y Flia.",0.0,0.0,0.0
639,Osorio-Arevalo,0.0,0.0,0.0
645,Negrón-Benito,0.0,0.0,0.0
648,Delgado de Hernando S. de H.,0.0,0.0,0.0
671,Gaitán y Parra SA,0.0,0.0,0.0
688,Viajes Almaráz SA,0.0,0.0,0.0
690,Ojeda-Ojeda,0.0,0.0,0.0
691,Regalado-Iglesias SA,0.0,0.0,0.0
700,Vélez-Arreola SA,0.0,0.0,0.0
701,Saldivar y Linares e Hija,0.0,0.0,0.0
705,Aguado-Pedraza e Hijos,0.0,0.0,0.0
713,Solorzano de Cordero y Flia.,0.0,0.0,0.0
721,Quiroz y Gastélum SA,0.0,0.0,0.0
729,Viajes Candelaria SA,0.0,0.0,0.0
737,Fernández-Serna y Asoc.,0.0,0.0,0.0
739,Asociación Marín,0.0,0.0,0.0
751,Armenta de Solorio,0.0,0.0,0.0
764,Gestora Cabán y Asoc.,0.0,0.0,0.0
766,Lebrón de Varela,0.0,0.0,0.0
769,Viajes Santana,0.0,0.0,0.0
777,Air Arteaga-Miranda,0.0,0.0,0.0
788,Gaytán de Mayorga,0.0,0.0,0.0
790,Grupo Santamaría-Llorente,0.0,0.0,0.0
795,Delarosa de Cuellar e Hija,0.0,0.0,0.0
796,Global Salgado-Narváez,0.0,0.0,0.0
798,Ramos-Quiñones e Hijos,0.0,0.0,0.0
803,"Garay, Esteban y Linares y Asoc.",0.0,0.0,0.0
810,Villalpando-Ocasio,0.0,0.0,0.0
813,"Toledo, Archuleta y Ortíz SRL",0.0,0.0,0.0
817,Air Pereira,0.0,0.0,0.0
819,Viajes Nazario SRL,0.0,0.0,0.0
825,Véliz-Ozuna SA,0.0,0.0,0.0
826,Global Alanis,0.0,0.0,0.0
835,Morán de Carbonell e Hijo,0.0,0.0,0.0
848,"Benito, Magaña y Preciado S. de H.",0.0,0.0,0.0
852,"Soriano, Solorzano y Olivárez e Hija",0.0,0.0,0.0
855,Balderas-Bueno y Asoc.,0.0,0.0,0.0
858,Empresa Herrero-Antón,0.0,0.0,0.0
859,Grupo Deleón-Aponte,0.0,0.0,0.0
860,Grupo Tejada e Hijo,0.0,0.0,0.0
861,Ordóñez-Rosas,0.0,0.0,0.0
872,Alaniz-Jasso e Hijos,0.0,0.0,0.0
875,Pelayo-Torres e Hija,0.0,0.0,0.0
876,"Caraballo, Páez y Espino e Hijo",0.0,0.0,0.0
878,Baeza-Prado SRL,0.0,0.0,0.0
883,Centro De la Torre-Casillas,0.0,0.0,0.0
887,"Nájera, Pedroza y Acevedo e Hijos",0.0,0.0,0.0
899,Centro Garica,0.0,0.0,0.0
900,Ruiz de Pascual,0.0,0.0,0.0
903,Reyes de Verdugo y Asoc.,0.0,0.0,0.0
919,Puente y Navas y Flia.,0.0,0.0,0.0
929,Viajes Abreu e Hijos,0.0,0.0,0.0
936,Centro Urías,0.0,0.0,0.0
946,Grupo Otero-Amador,0.0,0.0,0.0
951,Castaño de Granados,0.0,0.0,0.0
961,"Villarreal, Carrasco y Sepúlveda e Hijo",0.0,0.0,0.0
970,Grupo Acevedo,0.0,0.0,0.0
973,Global Antón-Martín,0.0,0.0,0.0
979,"Polanco, Ayala y Mora e Hijos",0.0,0.0,0.0
983,Gallardo y Olivas,0.0,0.0,0.0
985,Bustos y Lerma,0.0,0.0,0.0
987,Marín de Olivas,0.0,0.0,0.0
988,Viajes Cuevas e Hijo,0.0,0.0,0.0
990,Salvador-Álvarez,0.0,0.0,0.0
1020,Corporación Feliciano SA,0.0,0.0,0.0
1027,Armijo-Loera,0.0,0.0,0.0
1032,Alcántar-Ros y Asoc.,0.0,0.0,0.0
1034,Esparza y Rodrigo,0.0,0.0,0.0
1035,Bernal y Meza e Hijo,0.0,0.0,0.0
1040,Gestora Ozuna-Irizarry,0.0,0.0,0.0
1046,Gestora Morales SA,0.0,0.0,0.0
1048,Gestora Romo SRL,0.0,0.0,0.0
1049,Giménez-Benavídez,0.0,0.0,0.0
1055,Martín y Tejeda,0.0,0.0,0.0
1056,Empresa Salinas,0.0,0.0,0.0
1062,Empresa Sánchez SRL,0.0,0.0,0.0
1077,Roca de Millán,0.0,0.0,0.0
1079,Escobedo de Domínguez,0.0,0.0,0.0
1088,"Córdoba, Villa y Camarillo y Flia.",0.0,0.0,0.0
1092,Caraballo-Hernádez,0.0,0.0,0.0
1094,Valencia de Cortés SA,0.0,0.0,0.0
1101,Guajardo y Verduzco e Hija,0.0,0.0,0.0
1105,Corporación Ruíz-Pardo,0.0,0.0,0.0
1113,Zapata y Granado,0.0,0.0,0.0
1138,Gracia y Bravo S. de H.,0.0,0.0,0.0
1141,Melgar-Domingo,0.0,0.0,0.0
1150,Alanis y Escalante y Asoc.,0.0,0.0,0.0
1156,Ordóñez-Gurule SRL,0.0,0.0,0.0
1157,Godínez de Pérez y Flia.,0.0,0.0,0.0
1158,"Valero, Valadez y Báez S. de H.",0.0,0.0,0.0
1160,Empresa Herrero y Asoc.,0.0,0.0,0.0
1166,Perea y Maldonado SRL,0.0,0.0,0.0
1170,Empresa Cuevas,0.0,0.0,0.0
1175,Marco y Mercado,0.0,0.0,0.0
1178,De Jesús y Rael e Hijos,0.0,0.0,0.0
1183,Cortez de Olivera,0.0,0.0,0.0
1185,"Carbajal, Fajardo y Tello SRL",0.0,0.0,0.0
1186,Terán de Carballo SRL,0.0,0.0,0.0
1188,Méndez y Expósito SRL,0.0,0.0,0.0
1192,Covarrubias-Matías,0.0,0.0,0.0
1197,Delafuente y Elizondo,0.0,0.0,0.0
1202,Grupo Espinosa S. de H.,0.0,0.0,0.0
1207,Aranda y Benavídez,0.0,0.0,0.0
1213,Tovar de Barroso,0.0,0.0,0.0
1215,Empresa Valentín,0.0,0.0,0.0
1221,"Luque, Leyva y Bañuelos y Asoc.",0.0,0.0,0.0
1224,Ayala y Camarillo e Hijos,0.0,0.0,0.0
1228,"Ávalos, Duarte y Gallardo y Flia.",0.0,0.0,0.0
1229,Redondo de Hurtado,0.0,0.0,0.0
1234,"Jaime, Barreto y Colón e Hija",0.0,0.0,0.0
1235,Empresa Palomino e Hija,0.0,0.0,0.0
1244,Amaya de Collazo,0.0,0.0,0.0
1249,Empresa Niño,0.0,0.0,0.0
1257,Corporación Murillo-Zamora,0.0,0.0,0.0
1260,Air Cadena S. de H.,0.0,0.0,0.0
1261,Villalpando-Pizarro y Asoc.,0.0,0.0,0.0
1269,Asociación Escobar-Morales,0.0,0.0,0.0
1282,Salazar y Aguilar SA,0.0,0.0,0.0
1286,Ceballos de Quintana,0.0,0.0,0.0
1291,Empresa Elizondo,0.0,0.0,0.0
1297,Segura-Ceballos,0.0,0.0,0.0
1303,Moya-Mena,0.0,0.0,0.0
1304,Canales y Velasco,0.0,0.0,0.0
1312,Ceballos de Pizarro,0.0,0.0,0.0
1317,Air Negrón-Carmona,0.0,0.0,0.0
1320,Asociación Carreón y Asoc.,0.0,0.0,0.0
1325,Asociación Moya e Hija,0.0,0.0,0.0
1327,Grupo Salvador e Hija,0.0,0.0,0.0
1332,Air Espinal y Asoc.,0.0,0.0,0.0
1336,Treviño-Suárez,0.0,0.0,0.0
1340,Centro Mota e Hijo,0.0,0.0,0.0
1358,Asociación Trejo,0.0,0.0,0.0
1359,Global Armendáriz,0.0,0.0,0.0
1373,Peña y Pereira,0.0,0.0,0.0
1378,Trejo de Guerrero e Hijos,0.0,0.0,0.0
1381,Asociación Pedroza,0.0,0.0,0.0
1382,Gaytán de Tafoya y Asoc.,0.0,0.0,0.0
1384,Anguiano-Briseño SRL,0.0,0.0,0.0
1385,"Segura, Luján y Espino e Hijos",0.0,0.0,0.0
1393,Ávila-Batista,0.0,0.0,0.0
1400,Marrero-Montes S. de H.,0.0,0.0,0.0
1403,Rosario de Salas y Flia.,0.0,0.0,0.0
1407,Ávalos-Castillo y Flia.,0.0,0.0,0.0
1408,Negrón y Pascual,0.0,0.0,0.0
1409,Delao-Rosales,0.0,0.0,0.0
1412,Zúñiga y Palomo,0.0,0.0,0.0
1414,Santana y Ulloa e Hijo,0.0,0.0,0.0
1418,"Santos, Delgadillo y Aguilar S. de H.",0.0,0.0,0.0
1420,"Archuleta, Gonzáles y De la Fuente e Hijo",0.0,0.0,0.0
1424,Centro Santillán-Macías,0.0,0.0,0.0
1445,Corporación Delrío-Rendón,0.0,0.0,0.0
1446,Leyva-Lara y Asoc.,0.0,0.0,0.0
1449,Global Valles-Valero,0.0,0.0,0.0
1463,Corporación Caballero-Sevilla,0.0,0.0,0.0
1464,Suárez y Rolón SRL,0.0,0.0,0.0
1466,Girón y Esquivel,0.0,0.0,0.0
1467,Pedraza-Carrión,0.0,0.0,0.0
1483,Grupo Sancho-Millán,0.0,0.0,0.0
1484,Chapa de Sotelo y Flia.,0.0,0.0,0.0
1486,Bustos-Ramón e Hija,0.0,0.0,0.0
1491,Corporación Nevárez,0.0,0.0,0.0
1492,Asociación Barrientos e Hija,0.0,0.0,0.0
1495,Asociación Vila-Cortés,0.0,0.0,0.0
1502,Grupo Lemus S. de H.,0.0,0.0,0.0
1523,Botello de Abrego,0.0,0.0,0.0
1527,Mota-Magaña S. de H.,0.0,0.0,0.0
1529,Reina y Barrientos e Hijos,0.0,0.0,0.0
1534,Cordero y Esquibel,0.0,0.0,0.0
1535,Villa y Rivera,0.0,0.0,0.0
1536,Cepeda de Gallegos,0.0,0.0,0.0
1538,Empresa Ramírez-Luna,0.0,0.0,0.0
1543,Mascareñas y Curiel SA,0.0,0.0,0.0
1569,Bernal de Briones e Hijos,0.0,0.0,0.0
1572,Matías de Cano SRL,0.0,0.0,0.0
1573,Asociación Ledesma-Navas,0.0,0.0,0.0
1575,Vallejo y Alvarado,0.0,0.0,0.0
1586,De la Fuente de Meraz,0.0,0.0,0.0
1588,Ureña-López,0.0,0.0,0.0
1592,Navas de Hurtado SRL,0.0,0.0,0.0
1601,Delafuente-Armas,0.0,0.0,0.0
1603,Angulo de Hernádez,0.0,0.0,0.0
1604,Muro-Vicente,0.0,0.0,0.0
1606,Madrigal-Mercado y Flia.,0.0,0.0,0.0
1608,"Sandoval, Orosco y Escribano SA",0.0,0.0,0.0
1616,Valenzuela de Tello y Asoc.,0.0,0.0,0.0
1618,Betancourt de Lázaro,0.0,0.0,0.0
1619,Villanueva-Lucas e Hijo,0.0,0.0,0.0
1626,Avilés de Corrales y Flia.,0.0,0.0,0.0
1630,Trujillo y Aparicio S. de H.,0.0,0.0,0.0
1631,Global Marroquín,0.0,0.0,0.0
1632,Salcido y Zavala e Hijos,0.0,0.0,0.0
1636,Adorno de Conde,0.0,0.0,0.0
1637,Asociación Pascual-Zúñiga,0.0,0.0,0.0
1644,Collado-Naranjo e Hijos,0.0,0.0,0.0
1645,"Moral, Baca y Ordóñez e Hijo",0.0,0.0,0.0
1653,Asociación Duran-Abreu,0.0,0.0,0.0
1669,Asociación Barreto y Flia.,0.0,0.0,0.0
1671,Galván de Lorente e Hija,0.0,0.0,0.0
1673,Global Tapia-Franco,0.0,0.0,0.0
1681,Mercado y Ochoa,0.0,0.0,0.0
1682,"Sánchez, Cárdenas y Solano SRL",0.0,0.0,0.0
1687,Ramón-Flores SRL,0.0,0.0,0.0
1692,Asociación Benito,0.0,0.0,0.0
1694,López y Tamez e Hijos,0.0,0.0,0.0
1695,Asociación Santiago,0.0,0.0,0.0
1696,Saucedo de Sanabria,0.0,0.0,0.0
1706,Lara-Dávila,0.0,0.0,0.0
1708,Lugo-Ocampo SRL,0.0,0.0,0.0
1710,Mora-Montalvo SA,0.0,0.0,0.0
1717,Casado y Reséndez,0.0,0.0,0.0
1718,Viajes Vila e Hijos,0.0,0.0,0.0
1721,Reyes-Tejada,0.0,0.0,0.0
1730,Fernández-Almanza,0.0,0.0,0.0
1732,Flores y Limón e Hijo,0.0,0.0,0.0
1735,"Alonso, Benavídez y Palacios e Hijos",0.0,0.0,0.0
1745,Alonzo de Aguado SRL,0.0,0.0,0.0
3453,Esparza y Calderón,0.0,0.0,0.0
3460,Guillen-Coronado e Hijo,0.0,0.0,0.0
3465,Corporación Contreras e Hija,0.0,0.0,0.0
3470,Hernando-Maldonado e Hijos,0.0,0.0,0.0
3474,Soria de Garay SA,0.0,0.0,0.0
3477,"Centeno, Valero y Rojo e Hijo",0.0,0.0,0.0
3478,Empresa Ponce-Irizarry,0.0,0.0,0.0
3482,Grupo Bueno S. de H.,0.0,0.0,0.0
3485,Chacón-Navas,0.0,0.0,0.0
3486,Ocampo-Salcedo,0.0,0.0,0.0
3509,Empresa Cabrera,0.0,0.0,0.0
3513,Cerda-Aparicio y Flia.,0.0,0.0,0.0
3517,Global Caldera,0.0,0.0,0.0
3527,"Arguello, Alanis y Ruelas S. de H.",0.0,0.0,0.0
3529,Paz de Villa e Hijo,0.0,0.0,0.0
3533,Rodrigo-Mojica SA,0.0,0.0,0.0
3539,Soriano y Portillo SRL,0.0,0.0,0.0
3544,Soria-Meraz,0.0,0.0,0.0
3546,Badillo y Martos y Flia.,0.0,0.0,0.0
3547,Asociación Carreón,0.0,0.0,0.0
3548,Gestora Rosas,0.0,0.0,0.0
3549,Gestora Lovato e Hija,0.0,0.0,0.0
3554,Solorio y Preciado,0.0,0.0,0.0
3555,Barraza y Quesada,0.0,0.0,0.0
3557,Gestora Reina,0.0,0.0,0.0
3559,Jasso de Carranza,0.0,0.0,0.0
3567,Gestora Delao-Saucedo,0.0,0.0,0.0
3568,Vallejo y Garza,0.0,0.0,0.0
3572,Corporación Haro y Asoc.,0.0,0.0,0.0
3579,Gestora Ureña-Menéndez,0.0,0.0,0.0
3580,Izquierdo y Meléndez y Asoc.,0.0,0.0,0.0
3583,"Collazo, Girón y Lebrón SA",0.0,0.0,0.0
3584,Gámez-Zepeda S. de H.,0.0,0.0,0.0
3586,Ornelas de Esquivel SA,0.0,0.0,0.0
3595,"Montero, Roldán y Magaña e Hijo",0.0,0.0,0.0
3597,Mascareñas de Arguello y Flia.,0.0,0.0,0.0
3600,Grupo Becerra-Quesada,0.0,0.0,0.0
3601,Gallardo-Alanis,0.0,0.0,0.0
3603,Corporación Villalba-Limón,0.0,0.0,0.0
3605,Navas-Navarro e Hijo,0.0,0.0,0.0
3616,Suárez de Saucedo,0.0,0.0,0.0
3628,Grupo Villar,0.0,0.0,0.0
3629,Lara y Laboy,0.0,0.0,0.0
3639,Méndez y Baca,0.0,0.0,0.0
3641,Monroy y Mondragón e Hija,0.0,0.0,0.0
3644,Bravo de Riera y Asoc.,0.0,0.0,0.0
3646,Gestora Arias e Hija,0.0,0.0,0.0
3653,"Rosales, Juan y Pagan e Hijo",0.0,0.0,0.0
3657,Viajes Bustamante,0.0,0.0,0.0
3666,Andrés de Polo,0.0,0.0,0.0
3677,Lovato-Ochoa e Hijos,0.0,0.0,0.0
3683,Centro Amaya SRL,0.0,0.0,0.0
3687,Delafuente de Razo,0.0,0.0,0.0
3693,Air Montañez-Roldán,0.0,0.0,0.0
3700,Esquibel-Cotto S. de H.,0.0,0.0,0.0
3702,Escribano de Villalobos,0.0,0.0,0.0
3703,Gaitán de Altamirano SRL,0.0,0.0,0.0
3711,Cavazos y Padilla,0.0,0.0,0.0
3715,Pereira de Pineda,0.0,0.0,0.0
3722,Grupo Arellano,0.0,0.0,0.0
3730,Urías de Dávila,0.0,0.0,0.0
3731,Montaño y Serra,0.0,0.0,0.0
3735,Sedillo y Morán e Hijos,0.0,0.0,0.0
3736,Viajes Molina,0.0,0.0,0.0
3739,Delarosa y Alonzo,0.0,0.0,0.0
3743,Sanz y Baeza e Hija,0.0,0.0,0.0
3753,Robledo-Soler,0.0,0.0,0.0
3758,Gaona de Pérez,0.0,0.0,0.0
3759,Mojica-Badillo,0.0,0.0,0.0
3764,Arguello y Lozano,0.0,0.0,0.0
3772,Tórrez y Pastor,0.0,0.0,0.0
3792,Romero y Quiñones,0.0,0.0,0.0
3798,Valadez y Calderón,0.0,0.0,0.0
3803,Asociación Figueroa,0.0,0.0,0.0
3804,Air Villalba-Barrientos,0.0,0.0,0.0
3805,"Esteve, Escamilla y Valentín SA",0.0,0.0,0.0
3823,Global Altamirano e Hijo,0.0,0.0,0.0
3827,Global Salas-Elizondo,0.0,0.0,0.0
3831,Corporación Piñeiro-Solorio,0.0,0.0,0.0
3832,Centro Nájera,0.0,0.0,0.0
3835,Corporación Mireles SA,0.0,0.0,0.0
3840,Acevedo-Ceballos e Hijos,0.0,0.0,0.0
3843,Centro Sevilla-Peláez,0.0,0.0,0.0
3844,"Araña, Colunga y Cabrera e Hijo",0.0,0.0,0.0
3849,Salas-Prado y Asoc.,0.0,0.0,0.0
3850,Corporación Archuleta-Sánchez,0.0,0.0,0.0
3862,Costa-Cedillo,0.0,0.0,0.0
3867,Núñez y Ochoa,0.0,0.0,0.0
3874,Romero de Domínquez e Hijo,0.0,0.0,0.0
3879,Venegas y Piñeiro,0.0,0.0,0.0
3880,Cárdenas-Montañez,0.0,0.0,0.0
3888,Empresa Redondo-Pastor,0.0,0.0,0.0
3900,Soliz de Montes SA,0.0,0.0,0.0
3901,Gestora Angulo e Hijos,0.0,0.0,0.0
3904,Gestora Caldera,0.0,0.0,0.0
3906,Quintana de Montemayor SA,0.0,0.0,0.0
3911,"Tovar, Nevárez y Estrada e Hijos",0.0,0.0,0.0
3913,Air Ramos-Estrada,0.0,0.0,0.0
3918,Granados y Gimeno,0.0,0.0,0.0
3923,Nieves y Adorno y Asoc.,0.0,0.0,0.0
3925,Armijo y Badillo y Asoc.,0.0,0.0,0.0
3932,Oliver de Arenas y Asoc.,0.0,0.0,0.0
3935,Barrera de Villalpando,0.0,0.0,0.0
3939,Matos y Ceballos SA,0.0,0.0,0.0
3946,Delacrúz y Linares S. de H.,0.0,0.0,0.0
3949,Escalante y Caballero e Hija,0.0,0.0,0.0
3951,Jaimes-Mayorga,0.0,0.0,0.0
3958,Madrid y Rueda SA,0.0,0.0,0.0
3962,"Rosa, Morales y Raya S. de H.",0.0,0.0,0.0
3964,Gestora Carrasquillo SRL,0.0,0.0,0.0
3974,Vargas y Lerma e Hijo,0.0,0.0,0.0
3977,Córdoba-Verdugo,0.0,0.0,0.0
3980,Gestora Valles,0.0,0.0,0.0
3984,Tello y Perales,0.0,0.0,0.0
3991,Orellana y Guerra y Flia.,0.0,0.0,0.0
3999,Empresa Muro-Niño,0.0,0.0,0.0
4004,Guevara de Sisneros y Asoc.,0.0,0.0,0.0
4006,Empresa Carretero S. de H.,0.0,0.0,0.0
4014,"Martí, Lovato y Tafoya e Hijo",0.0,0.0,0.0
4015,Global Gámez-Rubio,0.0,0.0,0.0
4022,"Rosado, Echevarría y Martos SRL",0.0,0.0,0.0
4024,Crespo y Almonte,0.0,0.0,0.0
4026,Corporación Henríquez,0.0,0.0,0.0
4030,Márquez-Zapata,0.0,0.0,0.0
4039,"Quezada, Vallejo y Robles y Asoc.",0.0,0.0,0.0
4042,Caraballo de Cordero SRL,0.0,0.0,0.0
4046,Asociación Vigil-Bravo,0.0,0.0,0.0
4054,Casillas y Duarte y Asoc.,0.0,0.0,0.0
4064,Guajardo de Muro e Hijos,0.0,0.0,0.0
4070,Gestora Quezada SRL,0.0,0.0,0.0
4075,Ocampo-Farías,0.0,0.0,0.0
4076,"Véliz, Avilés y Gamboa y Flia.",0.0,0.0,0.0
4079,Téllez-Garica,0.0,0.0,0.0
4091,Fonseca-Escobedo S. de H.,0.0,0.0,0.0
4098,Llamas de Sauceda,0.0,0.0,0.0
4109,Sánchez de Velasco,0.0,0.0,0.0
4110,Barrera y Becerra,0.0,0.0,0.0
4128,Viajes Carbajal,0.0,0.0,0.0
4129,Mena y Franco,0.0,0.0,0.0
4139,"Leiva, Mata y Iglesias SRL",0.0,0.0,0.0
4144,"Lázaro, Castellano y Matías SA",0.0,0.0,0.0
4145,Alfaro y Nazario e Hija,0.0,0.0,0.0
4146,Laureano-Espino e Hijo,0.0,0.0,0.0
4151,"Robles, Caro y Yáñez SRL",0.0,0.0,0.0
4153,"Rojo, Pizarro y Almonte e Hijos",0.0,0.0,0.0
4154,Medrano y Pantoja,0.0,0.0,0.0
4159,Galán-Cabán e Hijo,0.0,0.0,0.0
4162,Grupo Madera,0.0,0.0,0.0
4163,Piñeiro de Balderas y Asoc.,0.0,0.0,0.0
4165,Linares-Castellano SA,0.0,0.0,0.0
4178,Viajes Velasco-Santana,0.0,0.0,0.0
4180,Grupo Villalpando y Asoc.,0.0,0.0,0.0
4183,"Cortés, Zambrano y Ruiz S. de H.",0.0,0.0,0.0
4185,Razo de Arias e Hijo,0.0,0.0,0.0
4188,Air Mayorga-Calderón,0.0,0.0,0.0
4189,Urías y Fuentes SA,0.0,0.0,0.0
4196,Centro Rubio,0.0,0.0,0.0
4199,Toro y Briseño,0.0,0.0,0.0
4204,"Elizondo, Palomo y Echevarría y Flia.",0.0,0.0,0.0
4206,Ocampo de Limón e Hijos,0.0,0.0,0.0
4208,Peláez-Duran y Flia.,0.0,0.0,0.0
4209,Asociación Reina,0.0,0.0,0.0
4210,Pereira y Ocasio y Flia.,0.0,0.0,0.0
4217,"Madrigal, Munguía y Dueñas y Flia.",0.0,0.0,0.0
4224,Verdugo-Soriano y Flia.,0.0,0.0,0.0
4230,"Uribe, Arreola y Negrón SA",0.0,0.0,0.0
4233,Empresa Romo-Carrasco,0.0,0.0,0.0
4234,Ruíz y Archuleta,0.0,0.0,0.0
4236,Corporación Giménez,0.0,0.0,0.0
4241,Corporación Alemán,0.0,0.0,0.0
4242,Grupo Barrios-Sisneros,0.0,0.0,0.0
4243,Requena-Gimeno,0.0,0.0,0.0
4244,Corporación Morales SA,0.0,0.0,0.0
4247,Global Elizondo,0.0,0.0,0.0
4250,Escamilla-Barajas SA,0.0,0.0,0.0
4273,"Urías, Anaya y Saiz y Asoc.",0.0,0.0,0.0
4277,"Guevara, Ponce y Lerma e Hijo",0.0,0.0,0.0
4280,Delrío y Haro S. de H.,0.0,0.0,0.0
4283,"Pérez, Juárez y Ornelas SRL",0.0,0.0,0.0
4285,Briones y Zambrano,0.0,0.0,0.0
4286,Rocha de Becerra,0.0,0.0,0.0
4287,Anguiano-Ayala e Hijo,0.0,0.0,0.0
4291,"Mejía, Tapia y Pereira e Hija",0.0,0.0,0.0
4294,Empresa Pizarro S. de H.,0.0,0.0,0.0
4299,Global Blanco-Marcos,0.0,0.0,0.0
4300,Cordero de Córdoba y Flia.,0.0,0.0,0.0
4328,Air Lira,0.0,0.0,0.0
4335,Atencio-Noriega,0.0,0.0,0.0
4343,Negrón de Domenech e Hijos,0.0,0.0,0.0
4348,Global Nava S. de H.,0.0,0.0,0.0
4350,Alemán de Cruz S. de H.,0.0,0.0,0.0
4352,Cruz-Robles e Hijos,0.0,0.0,0.0
4358,"Lugo, Arenas y Lara e Hijos",0.0,0.0,0.0
4363,Vela de Raya S. de H.,0.0,0.0,0.0
4367,Merino-Abreu y Asoc.,0.0,0.0,0.0
4372,Calvillo de Balderas,0.0,0.0,0.0
4373,Varela y Alonso,0.0,0.0,0.0
4382,Limón y Camacho,0.0,0.0,0.0
4385,Murillo-Fuentes SRL,0.0,0.0,0.0
4386,Ybarra-Cervantes y Flia.,0.0,0.0,0.0
4397,Caballero de Simón,0.0,0.0,0.0
4399,Barragán-Paz SA,0.0,0.0,0.0
4408,Global Jimínez-Medina,0.0,0.0,0.0
4410,Varela de Terrazas,0.0,0.0,0.0
4411,Gestora Véliz-Pacheco,0.0,0.0,0.0
4412,Grupo Valentín S. de H.,0.0,0.0,0.0
4413,Ortega de Mesa e Hijos,0.0,0.0,0.0
4414,Centro Laboy-Urrutia,0.0,0.0,0.0
4416,Mireles y Zarate,0.0,0.0,0.0
4417,Serrato-Coronado SRL,0.0,0.0,0.0
4419,Saldaña de Benavídez SRL,0.0,0.0,0.0
4420,Garibay de Olvera y Asoc.,0.0,0.0,0.0
4428,"Arevalo, Matos y Rosas S. de H.",0.0,0.0,0.0
4433,Delgadillo y Alicea,0.0,0.0,0.0
4435,Castellanos de Naranjo SA,0.0,0.0,0.0
4447,Castaño-Cornejo,0.0,0.0,0.0
4452,Portillo y Sanz,0.0,0.0,0.0
4456,Zavala-Godoy e Hijos,0.0,0.0,0.0
4458,Méndez y Pacheco SRL,0.0,0.0,0.0
4468,Jasso y Cabán SA,0.0,0.0,0.0
4471,Maldonado de Villanueva,0.0,0.0,0.0
4484,Viajes Bustos y Flia.,0.0,0.0,0.0
4488,Carrión de Hernádez SA,0.0,0.0,0.0
4501,Laboy-Caldera,0.0,0.0,0.0
4515,Archuleta y Blázquez SRL,0.0,0.0,0.0
4517,Ballesteros y Martínez SA,0.0,0.0,0.0
4518,Hernándes de Alonzo SRL,0.0,0.0,0.0
4519,Guajardo-Longoria,0.0,0.0,0.0
4520,Grupo Sáez,0.0,0.0,0.0
4525,Amador de Alfaro,0.0,0.0,0.0
4527,Blanco de Olmos,0.0,0.0,0.0
4531,Palacios de Berríos,0.0,0.0,0.0
4532,Global Robledo SRL,0.0,0.0,0.0
4533,Huerta-Roca SRL,0.0,0.0,0.0
4543,Global Casas,0.0,0.0,0.0
4545,Botello-Marcos e Hija,0.0,0.0,0.0
4547,Leyva y Melgar e Hija,0.0,0.0,0.0
4548,Alva de Macías e Hija,0.0,0.0,0.0
4552,Empresa Del Río y Asoc.,0.0,0.0,0.0
4555,Asociación Carrión,0.0,0.0,0.0
4557,Terrazas-Martínez SA,0.0,0.0,0.0
4558,Centeno-Fierro,0.0,0.0,0.0
4561,Lucio-Puente,0.0,0.0,0.0
4566,Aranda-Ceja e Hija,0.0,0.0,0.0
4567,"Luna, Ulibarri y Garza e Hijo",0.0,0.0,0.0
4574,Matías-Medrano SRL,0.0,0.0,0.0
4575,Rocha de Brito SRL,0.0,0.0,0.0
4591,"Ortíz, Villanueva y Solorio e Hijo",0.0,0.0,0.0
4592,Rueda y Ruíz,0.0,0.0,0.0
4595,Sevilla de Arreola,0.0,0.0,0.0
4600,Gaytán y Tirado,0.0,0.0,0.0
4603,Llorente-Aponte,0.0,0.0,0.0
4605,Grupo Reyes e Hija,0.0,0.0,0.0
4611,Alonso-Porras SA,0.0,0.0,0.0
4612,"Galarza, Bautista y Montañez e Hija",0.0,0.0,0.0
4614,Quiroz y Altamirano e Hijo,0.0,0.0,0.0
4619,Valladares y Vidal SRL,0.0,0.0,0.0
4626,Domínguez y Carballo,0.0,0.0,0.0
4631,Viajes Rosas SA,0.0,0.0,0.0
4632,Ibáñez de Bahena e Hija,0.0,0.0,0.0
4635,Juan y Esteve SA,0.0,0.0,0.0
4636,Solorio y Domenech,0.0,0.0,0.0
4656,Empresa Chacón e Hijos,0.0,0.0,0.0
4660,Soto de Santacruz y Asoc.,0.0,0.0,0.0
4666,Ulibarri-Banda,0.0,0.0,0.0
4674,Delgadillo-Quintana SA,0.0,0.0,0.0
4675,Air Valencia-Ocampo,0.0,0.0,0.0
4679,Grupo Zayas e Hijo,0.0,0.0,0.0
4684,Global Quiñones,0.0,0.0,0.0
4690,Global Fierro,0.0,0.0,0.0
4692,Colunga y Arellano SRL,0.0,0.0,0.0
4695,Escudero de Esparza,0.0,0.0,0.0
4710,Campos y Campos SA,0.0,0.0,0.0
4728,Centro Chacón-Fierro,0.0,0.0,0.0
4730,Global Ybarra-Expósito,0.0,0.0,0.0
4735,Viajes Arteaga,0.0,0.0,0.0
4737,Viajes Sierra y Flia.,0.0,0.0,0.0
4754,"Montalvo, Bermúdez y Villagómez e Hija",0.0,0.0,0.0
4759,Vallejo de Caraballo,0.0,0.0,0.0
4760,Ibarra-Arribas,0.0,0.0,0.0
4765,Mota y Dávila,0.0,0.0,0.0
4774,Centro Gutiérrez-Saldivar,0.0,0.0,0.0
4780,Air Reyes-Zavala,0.0,0.0,0.0
4781,Gestora Guillen-Villarreal,0.0,0.0,0.0
4788,"Barroso, Valadez y Domínguez SRL",0.0,0.0,0.0
4790,Gestora Velázquez-Menchaca,0.0,0.0,0.0
4797,Caro y Asensio e Hijo,0.0,0.0,0.0
4799,Medina de Brito,0.0,0.0,0.0
4806,Abrego de Silva,0.0,0.0,0.0
4812,Peres y Lázaro,0.0,0.0,0.0
4813,"Collazo, Vaca y Montemayor e Hija",0.0,0.0,0.0
4815,Centro Montañez-Benavides,0.0,0.0,0.0
4819,Rascón-Montez S. de H.,0.0,0.0,0.0
4826,Viajes Collado,0.0,0.0,0.0
4829,Gestora De la Fuente,0.0,0.0,0.0
4833,Pereira y Marroquín,0.0,0.0,0.0
4843,Gestora Nájera,0.0,0.0,0.0
4849,Saldivar y Ruvalcaba SRL,0.0,0.0,0.0
4853,Grupo Esteban-Zapata,0.0,0.0,0.0
4854,Empresa Barrientos S. de H.,0.0,0.0,0.0
4858,Aguirre-Abrego,0.0,0.0,0.0
4859,Empresa Gastélum SA,0.0,0.0,0.0
4863,Sáenz de Nájera,0.0,0.0,0.0
4866,Núñez de Meza,0.0,0.0,0.0
4870,Montalvo y Viera,0.0,0.0,0.0
4874,Yáñez de Herrera e Hija,0.0,0.0,0.0
4881,Patiño de Arce,0.0,0.0,0.0
4889,Carrero de Vázquez S. de H.,0.0,0.0,0.0
4892,Quiroz-Villagómez,0.0,0.0,0.0
4894,Grupo Ríos y Asoc.,0.0,0.0,0.0
4904,"Moral, Anguiano y Briones y Asoc.",0.0,0.0,0.0
4910,"Granados, Sosa y Guevara y Flia.",0.0,0.0,0.0
4911,Viajes Abeyta,0.0,0.0,0.0
4915,Cantú de Piñeiro,0.0,0.0,0.0
4925,Casanova de Ruíz,0.0,0.0,0.0
4927,Centro Galarza-Casanova,0.0,0.0,0.0
4930,Acevedo-Quesada,0.0,0.0,0.0
4931,Ulibarri y Pascual SRL,0.0,0.0,0.0
4939,Corporación Guajardo e Hija,0.0,0.0,0.0
4941,Montenegro de Lebrón,0.0,0.0,0.0
4948,Antón y Robles,0.0,0.0,0.0
4954,Godoy-Serna e Hijo,0.0,0.0,0.0
4968,Tello-Galarza,0.0,0.0,0.0
4974,"Zelaya, Roca y Hinojosa SA",0.0,0.0,0.0
4979,Sáenz y Moral,0.0,0.0,0.0
4980,Cardona-Antón,0.0,0.0,0.0
4984,Arevalo-Rosales e Hija,0.0,0.0,0.0
4985,Guzmán y Armas,0.0,0.0,0.0
4991,Cortez-Sarabia SRL,0.0,0.0,0.0
4995,Barela-Santillán SA,0.0,0.0,0.0
4997,"Ceballos, Almonte y Orellana e Hija",0.0,0.0,0.0
4380,Godoy-Benítez e Hijo,961.94,962.17,-0.23
2688,"Olivares, Hernándes y Mejía SA",806.24,806.59,-0.35
4549,Viajes Roybal,1638.2,1641.91,-3.71
2978,Pulido y Barrientos e Hija,1061.83,1068.74,-6.91
2522,Arellano y Segovia e Hijos,1679.61,1688.29,-8.68
4880,"Puig, Salcedo y Cerda e Hijo",1537.56,1546.58,-9.02
3436,Lucero-Carreón y Flia.,287.49,298.34,-10.85
2315,Figueroa-Saldivar,1027.05,1038.45,-11.4
4332,Grupo Zambrano,0.0,12.1,-12.1
3405,Estrada-Griego e Hijos,1099.26,1113.09,-13.83
2637,Soriano de Benito,592.37,606.68,-14.31
3121,Camarillo y Martos y Flia.,1970.95,1986.46,-15.51
558,Redondo y Haro SRL,2842.05,2857.96,-15.91
1712,Mata y Gaona,763.07,778.99,-15.92
243,Badillo-Murillo,447.84,465.67,-17.83
910,Atencio y Gil e Hija,1774.21,1792.3,-18.09
1288,Centro Gonzáles e Hija,0.0,19.01,-19.01
3459,Becerra-Esquibel S. de H.,1718.8,1741.29,-22.49
1663,Empresa Rojo y Asoc.,0.0,23.13,-23.13
572,Viajes Esquibel e Hija,0.0,24.01,-24.01
656,Mena-Armas e Hijo,0.0,24.33,-24.33
4137,Verduzco y Becerra,0.0,25.35,-25.35
3054,Roybal de Ordoñez SRL,1786.06,1811.92,-25.86
2659,Sauceda de Martí y Flia.,789.75,817.31,-27.56
33,Rendón-Beltrán SA,1867.0,1895.31,-28.31
1664,Global Burgos e Hijos,0.0,28.43,-28.43
2643,Muro-Magaña e Hijo,1903.42,1931.97,-28.55
3663,Esquivel-Jaimes e Hijos,0.0,29.81,-29.81
3786,Grupo Cortés SRL,1807.75,1841.66,-33.91
762,Global Partida,0.0,35.55,-35.55
252,Gallegos-Lorente,1081.13,1118.37,-37.24
891,"Hernándes, Solís y Montenegro y Asoc.",1750.26,1788.03,-37.77
3717,Viajes Santana-Espinal,1239.4,1277.17,-37.77
3451,"Millán, Mateo y Medina S. de H.",441.8,480.29,-38.49
956,Gaytán y Barreto,370.82,409.32,-38.5
1443,Air Sarabia,1055.9,1095.59,-39.69
2617,Matías de Aponte,866.8,908.5,-41.7
4994,Gestora Vicente-Guajardo,542.14,584.9,-42.76
3493,Valdez y Heredia SA,970.31,1015.76,-45.45
1236,Saldaña de Simón e Hijo,1017.42,1066.84,-49.42
2909,Carrasquillo-Corona,0.0,51.26,-51.26
3220,Corporación Ruelas,2265.27,2319.3,-54.03
1014,Tórrez-Sanz,125.43,179.95,-54.52
2348,Asociación Anaya,1633.61,1688.66,-55.05
3919,Global Nevárez,1930.13,1985.36,-55.23
2344,Gómez-Ramos e Hijos,0.0,57.06,-57.06
1025,Mascareñas-Tórrez y Flia.,0.0,57.6,-57.6
754,Cortés y Cuevas S. de H.,0.0,59.4,-59.4
4669,Bravo de Marcos,0.0,63.25,-63.25
3869,Empresa Alvarado-Casares,0.0,65.25,-65.25
29,Gurule y García e Hijo,1687.92,1760.2,-72.28
1182,De la Cruz y Alvarado,1572.82,1647.93,-75.11
4872,Negrón de Hidalgo e Hija,757.81,833.22,-75.41
806,Viajes Segura,1404.39,1480.38,-75.99
742,Air Guevara y Flia.,0.0,77.16,-77.16
1943,Avilés y García e Hijo,1151.51,1228.67,-77.16
37,Manzanares y Ocampo y Flia.,1124.92,1202.09,-77.17
4698,Gestora Soto y Asoc.,1509.76,1588.27,-78.51
1845,Frías y Cabrera e Hijos,1216.47,1296.74,-80.27
1218,Gutiérrez-Maestas y Flia.,0.0,80.61,-80.61
4270,Corporación Lovato,0.0,80.78,-80.78
2500,Navarrete de Beltrán,0.0,83.64,-83.64
1863,Asociación Feliciano e Hijo,0.0,83.97,-83.97
1513,De Jesús de Orozco,0.0,86.38,-86.38
1036,Nájera de Alcántar,515.07,604.44,-89.37
4240,"Ramírez, Patiño y Archuleta y Flia.",498.65,588.22,-89.57
3409,"Villarreal, Melgar y Anaya e Hijo",0.0,93.63,-93.63
917,Gestora Soriano e Hija,1387.85,1482.35,-94.5
2357,Tamayo de Camarillo,971.8,1066.31,-94.51
1667,Air Cervantes,0.0,95.53,-95.53
2232,Viajes Delafuente-Zapata,862.29,958.23,-95.94
3008,Del Río y Gamboa,547.98,644.66,-96.68
2108,Empresa Toro-Carretero,0.0,97.09,-97.09
1072,"Monroy, Ballesteros y Olivas y Flia.",198.08,295.27,-97.19
4609,Román y Paz,0.0,98.02,-98.02
827,Díaz-Herrero SA,2451.46,2549.96,-98.5
3877,Vila-Vila,0.0,99.73,-99.73
273,Asociación Cardona y Asoc.,1697.4,1799.2,-101.8
596,Viajes Montaño,1396.82,1498.69,-101.87
52,"Cruz, Cornejo y Terrazas e Hija",1503.01,1605.47,-102.46
1,Raya de Olivares SRL,673.23,776.12,-102.89
1556,Maldonado de Pérez y Flia.,969.95,1074.37,-104.42
3098,Andrés-Camacho,1125.42,1231.94,-106.52
2215,Ocasio y Ojeda,150.25,257.98,-107.73
213,Centro Ureña S. de H.,1955.57,2064.8,-109.23
4494,Zepeda y Marroquín,314.07,424.77,-110.7
2565,Empresa Hidalgo,3720.29,3831.05,-110.76
2946,Nieves de Navas e Hijo,928.33,1040.13,-111.8
2964,Negrete de Candelaria SA,0.0,113.48,-113.48
1584,Fajardo de Flórez,850.24,963.9,-113.66
3324,"De la Fuente, Caldera y Barreto y Asoc.",0.0,113.76,-113.76
2872,Global Galván-Casares,2193.26,2309.99,-116.73
2803,Corporación Saucedo,1484.86,1603.76,-118.9
783,Rocha-Soto S. de H.,1223.91,1343.63,-119.72
4357,Armenta de Guzmán e Hijos,1731.57,1851.38,-119.81
3130,Saavedra de Arguello,0.0,120.47,-120.47
1617,Leyva de Berríos SRL,0.0,123.12,-123.12
4017,Empresa Agosto e Hijos,452.51,575.66,-123.15
4643,Escobedo de Casares,1674.57,1797.9,-123.33
1976,Grupo Espinal,966.34,1090.19,-123.85
2377,Fernández de Canales e Hijo,0.0,124.57,-124.57
1923,"Valle, Mata y Carbajal y Asoc.",2929.16,3053.78,-124.62
2367,Valero-Curiel,426.33,551.85,-125.52
95,Cepeda de Ríos,747.86,874.73,-126.87
2258,Hernando de Collazo SRL,0.0,127.26,-127.26
906,Casado y Godínez,0.0,128.89,-128.89
509,Aguirre de Abreu e Hijo,273.64,402.98,-129.34
501,Centro Espinal,1000.62,1130.04,-129.42
4202,Centro Navas-Ornelas,0.0,129.58,-129.58
1738,Escobar de Valdivia SA,0.0,130.59,-130.59
3186,Puig-Ávalos y Flia.,0.0,131.18,-131.18
4981,Grupo Marrero,1566.71,1698.05,-131.34
1849,Asociación Lugo e Hija,1299.41,1432.39,-132.98
127,Leiva de De Anda,0.0,133.22,-133.22
4771,"Rocha, Nieto y Martínez y Asoc.",1249.31,1383.5,-134.19
381,Calderón-Mota y Asoc.,1983.54,2122.91,-139.37
85,Gracia de Cazares,1846.67,1986.51,-139.84
4652,Grupo Quintero-Cabrera,910.11,1049.97,-139.86
1355,Haro-Escobedo,0.0,140.35,-140.35
2679,Vega y Dueñas,1491.5,1632.28,-140.78
4502,Ocampo-Ros S. de H.,1552.77,1694.28,-141.51
4704,Rincón-Rael SA,0.0,143.91,-143.91
4143,Corona y Otero,1835.17,1979.39,-144.22
2755,Cordero-Villanueva,602.2,746.86,-144.66
1120,Gallardo-Ontiveros,0.0,144.82,-144.82
1884,Cortés de Abad y Asoc.,217.55,363.55,-146.0
4226,Fuentes-Baca,1401.09,1548.51,-147.42
1047,Global Carrillo e Hijo,0.0,149.16,-149.16
3929,Manzano-Coronado,1081.16,1230.99,-149.83
2510,Gallego-Camarillo SRL,0.0,154.71,-154.71
2823,Asensio y Carbonell y Flia.,474.36,629.25,-154.89
2378,Corporación Mondragón-Carreón,1410.66,1567.81,-157.15
146,"Cortés, Sáenz y Alanis SRL",0.0,157.79,-157.79
4370,Candelaria y Silva S. de H.,1014.78,1172.9,-158.12
2507,"Ramírez, Dueñas y Urrutia e Hijos",0.0,158.14,-158.14
2986,Gestora Dueñas,0.0,158.15,-158.15
3627,"Deleón, Peres y Merino y Flia.",1717.37,1876.02,-158.65
4310,Gimeno-Aranda e Hijos,1725.02,1888.32,-163.3
3716,Solorzano de Sotelo,94.56,258.03,-163.47
4390,Menchaca de Centeno,0.0,167.29,-167.29
3662,Quesada de Chacón,607.11,774.8,-167.69
4783,Vallejo y Tamez,246.63,414.62,-167.99
3705,Tirado-Solís,285.19,453.96,-168.77
2240,Empresa Limón S. de H.,1779.94,1953.41,-173.47
2294,Ojeda y Arce,0.0,173.82,-173.82
926,Pichardo de Gutiérrez,1114.61,1288.46,-173.85
475,Gestora Ayala e Hija,1760.04,1934.95,-174.91
2088,Peres de Sola e Hijos,0.0,175.41,-175.41
1581,"Velásquez, Iglesias y Rodríguez e Hijos",1153.64,1329.19,-175.55
21,Serra y Balderas,0.0,176.24,-176.24
681,Air Fuentes e Hijos,0.0,179.46,-179.46
6,Brito de Domenech,1778.27,1958.4,-180.13
3224,Gálvez-Ochoa,603.39,785.29,-181.9
3698,Centro Amaya,1884.14,2068.07,-183.93
333,Grupo Saiz SRL,1860.06,2047.16,-187.1
210,Vega de Montaño,229.7,416.96,-187.26
710,Pagan y Jaramillo,0.0,191.78,-191.78
2920,Romero de Anguiano,0.0,191.97,-191.97
1243,Air Madrid y Flia.,0.0,192.29,-192.29
62,Cepeda-Franco S. de H.,1012.6,1206.78,-194.18
3799,Grupo Carranza SRL,2336.6,2533.36,-196.76
1323,Treviño de Concepción,0.0,197.5,-197.5
564,Asociación Luevano e Hija,0.0,198.89,-198.89
4071,Ozuna-Piña,0.0,201.34,-201.34
4565,Asociación Rueda,1269.47,1483.31,-213.84
302,"Fuentes, Quintana y Orellana SRL",1154.26,1368.38,-214.12
2873,Griego-Barela e Hijos,0.0,214.15,-214.15
530,Luna-Ledesma e Hija,0.0,214.42,-214.42
1550,Chapa-Luis e Hijo,1672.08,1887.18,-215.1
3407,"Delafuente, Ramos y Pacheco e Hijo",0.0,216.9,-216.9
231,Corral y Delao,357.47,574.63,-217.16
1501,Armijo y Gómez,558.64,777.56,-218.92
2277,Lucero-Soriano y Flia.,816.2,1036.17,-219.97
1807,Orozco-Coronado SRL,0.0,221.68,-221.68
391,Empresa Pizarro-Alba,0.0,223.17,-223.17
3865,Centro Solorio,0.0,224.69,-224.69
1080,"Arias, Beltrán y Lozada SRL",0.0,225.49,-225.49
4344,Jáquez de Sauceda,0.0,228.26,-228.26
4657,Global Ramón e Hija,0.0,230.16,-230.16
369,Global Llorente-Vélez,240.13,470.59,-230.46
1815,Vergara-Sierra,69.57,300.82,-231.25
157,Olivo de Armenta,0.0,231.61,-231.61
2217,Grupo Lomeli-Plaza,493.63,725.54,-231.91
1353,Ruiz y Barragán,1172.82,1405.24,-232.42
865,Espinal y Parra,1614.26,1847.12,-232.86
12,Centro Soria e Hijo,0.0,233.33,-233.33
1690,Figueroa y Guajardo,98.69,335.72,-237.03
1095,Sánchez-Maya e Hijo,0.0,239.53,-239.53
894,Air Nieves-Pacheco,0.0,240.05,-240.05
1388,Olmos y Cortés,857.45,1097.88,-240.43
4708,Munguía de Maestas,0.0,240.54,-240.54
3072,Centro Navarrete,0.0,240.87,-240.87
4179,Centro Alcántar,0.0,243.22,-243.22
2326,Laboy de Aponte,0.0,246.59,-246.59
3429,Ruiz y Sáez,2738.94,2986.5,-247.56
2230,Bahena-Carrero e Hija,0.0,249.21,-249.21
3907,Perea-Nava e Hija,0.0,253.28,-253.28
4323,"Calvo, Casares y Carrasquillo S. de H.",1912.69,2172.05,-259.36
621,Pons y Leyva S. de H.,233.55,498.01,-264.46
2317,Asociación Monroy e Hijos,42.97,309.39,-266.42
1308,Viajes Aguado,0.0,268.0,-268.0
724,Ochoa y Villar,0.0,268.79,-268.79
779,Armendáriz de Díaz e Hijo,767.05,1036.78,-269.73
159,Posada-Pagan y Flia.,228.46,498.92,-270.46
4642,Ordoñez y Pagan,1668.08,1945.32,-277.24
911,Rincón-Saavedra,0.0,279.2,-279.2
1132,Maestas de Alonzo y Flia.,432.67,713.05,-280.38
3654,Pichardo-Solorio,165.77,446.84,-281.07
2863,Marco-Rodarte e Hijo,0.0,281.13,-281.13
830,Reina de Puga,1313.67,1594.92,-281.25
2272,"Barraza, Mireles y Tejeda e Hijo",0.0,281.35,-281.35
1497,Centro Ortega y Flia.,1172.9,1455.63,-282.73
2159,Ferrer y Valentín,0.0,283.4,-283.4
4269,Global Mata,0.0,283.52,-283.52
3139,Viajes Armijo-Franco,0.0,283.57,-283.57
1498,Zarate y Huerta,1372.25,1658.83,-286.58
4033,Asociación Olvera,454.5,741.33,-286.83
2532,Roque-Cordero y Asoc.,0.0,289.82,-289.82
4306,Melgar de Mireles,0.0,290.11,-290.11
1295,Grupo Aguirre-Sotelo,0.0,292.29,-292.29
2847,"Gaitán, Aponte y Barela SRL",1523.41,1817.46,-294.05
360,Montaño y Casillas,1800.37,2094.7,-294.33
4950,Rincón de Mojica,0.0,296.09,-296.09
4604,Betancourt y Páez,947.99,1244.46,-296.47
874,Sisneros-Arce,2540.12,2838.28,-298.16
358,Aragón de Santamaría,746.21,1045.42,-299.21
2680,Global Segura,0.0,299.94,-299.94
3956,Villalba de Muro,0.0,301.63,-301.63
4581,Pulido-Cintrón,0.0,303.02,-303.02
4103,Díaz y Villegas SA,1035.55,1339.96,-304.41
227,Gestora Valdivia,0.0,308.59,-308.59
975,Gestora Cisneros,862.98,1172.26,-309.28
1858,Betancourt de Meza,0.0,312.83,-312.83
2751,Barajas de Salvador y Asoc.,879.21,1193.17,-313.96
4832,Air Esteve-Díez,702.7,1017.1,-314.4
522,"Álvarez, Tijerina y Otero S. de H.",0.0,315.55,-315.55
3685,Arreola y Alva y Flia.,0.0,315.93,-315.93
1103,Manzano y Adame,1099.34,1416.07,-316.73
2775,Camacho y Cuesta,555.81,878.54,-322.73
1392,Cotto-Montaño e Hija,848.2,1171.22,-323.02
1404,Sierra y Sepúlveda,330.41,655.08,-324.67
3427,Sola y Cortez,0.0,324.95,-324.95
2543,Ruiz-De la Fuente,1192.81,1520.78,-327.97
2157,Viajes Salgado e Hijos,0.0,328.11,-328.11
4512,Carrión de Fajardo e Hijos,1556.72,1885.76,-329.04
3284,Empresa Villareal,28.59,359.19,-330.6
1613,Saldaña y Ortega,0.0,332.35,-332.35
1126,Sarabia-Polo SA,1238.27,1571.23,-332.96
25,Vázquez y Adorno S. de H.,658.34,992.75,-334.41
590,Vargas y Cuenca,988.16,1324.31,-336.15
4546,Barrera de Abrego S. de H.,1138.41,1478.09,-339.68
3148,Lomeli de Vergara,1590.23,1931.99,-341.76
2512,Mejía y Longoria SA,0.0,342.15,-342.15
4884,Alfaro de Segovia e Hijo,1058.21,1402.78,-344.57
726,"Negrón, Saucedo y Ceballos e Hijo",746.56,1091.29,-344.73
443,Corporación Arribas e Hijo,0.0,345.56,-345.56
4914,Loera y Jáquez e Hija,1368.19,1715.23,-347.04
1335,Corporación Rodrigo,591.82,941.55,-349.73
2426,Empresa Toledo-Alejandro,771.69,1121.77,-350.08
485,Global Santana S. de H.,0.0,350.61,-350.61
1496,Vela y Zamudio e Hija,1351.89,1703.19,-351.3
730,Esparza y Riojas,635.02,987.2,-352.18
3928,Brito de Barragán,444.11,797.2,-353.09
4378,Grupo Baeza-Cordero,999.45,1353.01,-353.56
309,Sisneros y Caro SRL,1778.63,2133.05,-354.42
97,Gestora Posada-Cabello,0.0,357.84,-357.84
3119,Santillán-Casárez y Asoc.,941.07,1300.37,-359.3
2904,"Ayala, Jurado y Mata y Flia.",2702.53,3064.65,-362.12
3379,Miramontes-Moreno,66.06,430.8,-364.74
4281,"Casárez, Macias y Millán e Hijo",151.33,517.59,-366.26
1148,Global Baca-Cazares,1377.55,1745.74,-368.19
3733,Bernal y Espino,0.0,372.89,-372.89
3345,Benito-Benavídez e Hija,835.75,1208.87,-373.12
1689,Empresa Raya,557.68,931.58,-373.9
2840,Duarte y López y Flia.,0.0,374.44,-374.44
4641,Sola y Marroquín,0.0,374.72,-374.72
4393,"Vidal, Roca y Madrigal e Hijo",555.17,930.92,-375.75
2528,Piñeiro-Valles y Asoc.,1540.96,1916.97,-376.01
3871,Asociación Flores,926.2,1302.85,-376.65
230,Villegas-Valladares,765.66,1142.34,-376.68
36,"Guerra, Álvarez y Cuevas S. de H.",0.0,377.6,-377.6
3031,Viajes Morán-Ramón,0.0,380.59,-380.59
2792,Asociación Verdugo e Hijo,1267.99,1649.8,-381.81
1168,Viajes Guzmán e Hija,569.43,952.33,-382.9
1002,Muñoz y Berríos S. de H.,0.0,383.41,-383.41
3381,Global Escalante e Hijo,149.96,539.64,-389.68
2412,Gestora Olmos,1449.69,1840.73,-391.04
178,Centro Zelaya-Esquibel,229.54,624.24,-394.7
3177,Gestora Menchaca-Benito,1981.24,2376.61,-395.37
172,Corral de Borrego SRL,0.0,395.51,-395.51
2732,Quiñónez y Cordero,0.0,396.51,-396.51
2031,Empresa Pizarro S. de H.,0.0,397.19,-397.19
3938,Márquez-Cavazos SA,1347.12,1749.76,-402.64
1833,"Colón, Calero y Castellanos y Asoc.",0.0,404.03,-404.03
1883,Global Mateo,2825.58,3229.74,-404.16
1441,Centro Cantú y Asoc.,2850.13,3255.43,-405.3
3965,Martínez y Abad e Hijos,0.0,407.27,-407.27
4140,Aguayo y Ulloa y Flia.,1094.19,1502.16,-407.97
190,Rosa de Ceballos SRL,327.28,737.08,-409.8
4875,Mateos-Cobo,596.32,1007.91,-411.59
3363,Fuentes-Agosto,1413.24,1825.92,-412.68
1365,Gestora Oliver-Badillo,2032.04,2446.09,-414.05
423,Sáenz-Nazario,0.0,415.09,-415.09
2710,Mateos y Escalante,0.0,416.6,-416.6
2246,Delacrúz de Rojo SA,0.0,417.36,-417.36
1351,Gestora Marrero y Flia.,1272.02,1691.92,-419.9
4992,Figueroa y Villaseñor,0.0,422.09,-422.09
456,Sáez-Caraballo SA,1421.09,1843.36,-422.27
2990,López de Zelaya,0.0,423.58,-423.58
2133,Barragán de Sierra e Hijos,0.0,424.22,-424.22
626,Empresa Berríos e Hijo,1150.31,1574.91,-424.6
2885,Gestora Bahena-Posada,0.0,424.9,-424.9
1951,Viajes Escalante-Jurado,114.06,540.62,-426.56
1074,Asociación Carretero SRL,0.0,427.71,-427.71
405,Barajas y Centeno y Asoc.,0.0,431.27,-431.27
4404,Barragán y Solís y Flia.,1041.59,1474.69,-433.1
4439,Empresa Arellano,1293.75,1729.56,-435.81
3113,"Gil, Blázquez y Tijerina S. de H.",1099.74,1537.34,-437.6
451,Martí y Arias y Flia.,1131.97,1573.04,-441.07
4999,"Heredia, Rey y Soler e Hijo",754.33,1195.66,-441.33
593,Corporación Enríquez-Rael,1546.98,1990.58,-443.6
4511,Antón y Madrigal e Hijo,0.0,444.98,-444.98
3505,Linares de Vicente y Asoc.,1053.17,1499.45,-446.28
122,Lorente y Rentería,817.89,1264.53,-446.64
670,"Miramontes, Zamora y Atencio SRL",894.03,1346.36,-452.33
3408,Guardado y Roig y Asoc.,0.0,452.35,-452.35
3912,Reyna y Villareal,0.0,452.74,-452.74
2051,Morán-Olmos e Hijo,1084.64,1539.96,-455.32
1190,Asociación Pereira,987.69,1446.57,-458.88
1762,Hurtado-Delvalle e Hija,0.0,459.42,-459.42
3933,Centro Zavala,0.0,461.56,-461.56
4499,Empresa Rascón S. de H.,0.0,463.14,-463.14
4068,Global Alva e Hija,1262.46,1726.13,-463.67
2549,"Toro, Carrero y Expósito S. de H.",1046.68,1511.19,-464.51
824,Llamas y Soler,0.0,465.03,-465.03
388,Zepeda y Espinoza e Hijos,0.0,465.59,-465.59
638,Asociación Camarillo y Asoc.,0.0,467.03,-467.03
2603,Corporación Heredia,780.67,1250.48,-469.81
1163,Asociación López SRL,0.0,471.75,-471.75
2487,Santamaría y De la Fuente SA,0.0,472.29,-472.29
4430,Air Rodríguez SA,1058.65,1530.98,-472.33
1372,Caldera de Abad,226.55,700.87,-474.32
694,Empresa Riojas e Hijos,719.31,1194.45,-475.14
2959,Ros-Roldán,0.0,476.87,-476.87
828,Carrero de Barreto,0.0,476.99,-476.99
1121,Segovia de Riera SA,1270.28,1748.52,-478.24
1013,Ponce de Magaña,0.0,479.94,-479.94
3114,"Berríos, Pichardo y Rosario y Asoc.",1288.23,1769.69,-481.46
2478,Air Alcaráz,0.0,482.61,-482.61
697,Vásquez-Tello,927.71,1411.27,-483.56
3658,"Pedroza, Gracia y Ortega SRL",0.0,483.67,-483.67
1719,Empresa Lucio,0.0,485.49,-485.49
1803,Air Zelaya e Hijos,0.0,489.23,-489.23
4251,Grupo Ceballos-Miramontes,1274.1,1764.11,-490.01
709,Gestora Raya SA,1359.47,1849.97,-490.5
2542,Empresa Lucas,0.0,490.55,-490.55
2714,Piñeiro de Benítez S. de H.,0.0,491.28,-491.28
675,Montenegro-Rodríguez S. de H.,1519.6,2013.27,-493.67
2677,Gestora Antón SRL,660.87,1160.34,-499.47
4476,Martí de Montañez S. de H.,0.0,499.85,-499.85
4998,Air Gallego SA,0.0,502.81,-502.81
4987,Adame y Heredia,622.09,1125.12,-503.03
4944,Orellana-Fonseca SA,456.22,959.49,-503.27
2409,Grupo Santos e Hija,1099.99,1604.04,-504.05
4785,Sotelo de Marín,444.46,952.45,-507.99
318,Grupo Zamudio,0.0,510.53,-510.53
820,Giménez-Alonzo,0.0,511.26,-511.26
1140,Corporación Escobar e Hijo,0.0,511.72,-511.72
4560,"Alejandro, Escobar y Plaza y Asoc.",419.15,934.79,-515.64
4160,Global Abeyta,0.0,515.75,-515.75
2922,Centro Brito-Asensio,0.0,515.86,-515.86
3876,Corporación Gallegos-Trejo,1437.16,1953.9,-516.74
3562,Torres y Quintanilla,0.0,516.86,-516.86
1075,Corral y Gallardo e Hijo,0.0,517.27,-517.27
1775,Corporación Calvillo e Hijo,1034.42,1552.83,-518.41
4664,Grupo Montoya e Hija,0.0,520.84,-520.84
1012,Medrano-Lozano e Hijos,0.0,523.16,-523.16
1783,Puga de Niño,151.93,675.18,-523.25
3943,Díez-Canales e Hijos,2821.58,3345.85,-524.27
3187,Sancho y Meza y Flia.,1509.86,2034.44,-524.58
1083,Air Lucio SRL,797.24,1326.44,-529.2
218,"Montañez, Arce y Armendáriz y Asoc.",0.0,529.95,-529.95
286,"Sotelo, Munguía y Zamudio e Hija",1264.51,1794.77,-530.26
2080,Puig-Rangel,0.0,532.34,-532.34
3765,Mendoza de Tamayo,1209.55,1743.81,-534.26
935,Grupo Piña y Asoc.,0.0,535.37,-535.37
3049,Verdugo-Acosta,1380.52,1917.74,-537.22
4093,Benítez-Rocha e Hijos,0.0,543.22,-543.22
624,"Caldera, Valencia y Mondragón e Hijo",0.0,543.48,-543.48
507,Loya y Urrutia y Asoc.,510.58,1054.52,-543.94
251,Centro Regalado e Hijo,1443.38,1987.41,-544.03
1611,Asociación Vergara,0.0,550.25,-550.25
4429,Rocha de López,369.03,921.86,-552.83
48,Soliz y Sepúlveda,652.64,1205.94,-553.3
2390,Roybal de Cabrera y Asoc.,154.94,708.28,-553.34
2537,Gámez de Orosco S. de H.,0.0,553.78,-553.78
4422,Empresa Marco e Hija,0.0,555.02,-555.02
4008,"Hidalgo, Santillán y Salazar SRL",0.0,555.8,-555.8
2307,Ceballos-Iglesias,584.68,1141.18,-556.5
2634,Barrios-Aguirre,1837.91,2394.5,-556.59
758,Grupo Regalado,1116.98,1673.89,-556.91
2748,Dávila de Riera,0.0,557.55,-557.55
3746,Roldán y Tovar y Flia.,0.0,557.69,-557.69
3487,Centro Casárez-Cortez,888.7,1447.11,-558.41
1521,Villarreal y Henríquez e Hijos,425.55,984.91,-559.36
1934,Viajes Muro,511.94,1071.6,-559.66
3622,Asociación Deleón SRL,1063.09,1624.78,-561.69
537,Global Ochoa,392.33,954.1,-561.77
4480,Rico de Miramontes e Hijos,0.0,562.46,-562.46
3358,Curiel de Reyes,691.2,1257.84,-566.64
4865,Oliver y Carbonell,1362.48,1929.39,-566.91
841,Empresa Cadena,0.0,568.88,-568.88
4977,Tamayo y De Anda,0.0,572.17,-572.17
4633,Viajes Cantú SRL,726.04,1298.59,-572.55
736,Air Pérez SRL,1235.55,1809.92,-574.37
1059,Carballo de Delagarza,692.43,1268.03,-575.6
3248,Grupo Brito-Cortez,339.65,915.59,-575.94
75,Casanova de Sevilla,1285.09,1862.76,-577.67
3532,Enríquez y Posada,0.0,578.62,-578.62
4583,Escobar y Valenzuela,1098.44,1677.75,-579.31
3329,Grupo Almonte,0.0,579.56,-579.56
575,Santamaría de Tovar e Hijo,1976.56,2556.69,-580.13
4891,Méndez de Vidal y Asoc.,0.0,581.66,-581.66
396,Longoria-Delafuente,0.0,582.83,-582.83
4924,Corporación Pérez,1202.82,1786.62,-583.8
1488,Empresa Leiva,988.98,1573.85,-584.87
486,Alanis de Narváez,0.0,587.31,-587.31
2475,Serra y Vargas,0.0,592.16,-592.16
3300,Carretero de Delao,1880.27,2472.58,-592.31
104,Cotto de Vicente,39.13,635.6,-596.47
3841,Barreto y Alarcón e Hijo,0.0,598.84,-598.84
4436,Air Corrales SRL,1807.69,2407.27,-599.58
4513,"Millán, Robles y Abad SRL",773.99,1374.55,-600.56
2499,Villar y Polo y Flia.,58.19,658.85,-600.66
2521,Véliz y Carmona,1173.26,1776.93,-603.67
601,Deleón y Carrera,0.0,607.07,-607.07
1124,Viajes Regalado-Godoy,1334.59,1945.42,-610.83
3117,Viajes Cabrera-Pérez,728.21,1346.71,-618.5
3660,Ozuna de Rojas SA,0.0,619.23,-619.23
1447,Asociación Medina-Granado,0.0,622.76,-622.76
4101,Saldaña y Bahena S. de H.,0.0,624.0,-624.0
3104,Vanegas de Adame e Hijo,0.0,626.94,-626.94
3355,Barroso-Macías,0.0,628.31,-628.31
3609,Viajes Otero-Mata,0.0,631.13,-631.13
3524,Godínez-Bautista e Hijo,434.29,1069.97,-635.68
250,Millán de Malave,1216.11,1853.02,-636.91
2222,Berríos de Olivares,0.0,640.06,-640.06
663,Corporación Giménez,2169.14,2809.59,-640.45
2856,Gestora Mendoza y Asoc.,0.0,641.11,-641.11
2321,Vera-Alonso e Hija,520.08,1164.9,-644.82
1633,Gestora Leiva,897.67,1542.83,-645.16
2349,Silva-Olivares,1677.16,2323.32,-646.16
658,Calvo-Ramón,547.05,1195.42,-648.37
4804,Bustamante de Olmos,923.38,1571.78,-648.4
4364,"Ramos, Domínquez y Ordóñez SA",0.0,648.96,-648.96
3241,Patiño-Córdova,0.0,649.35,-649.35
4282,Empresa Crespo SRL,0.0,651.25,-651.25
2270,Empresa Armijo-Castaño,0.0,652.65,-652.65
1811,Barraza de Hernández y Flia.,805.64,1462.25,-656.61
4193,Giménez y Ruelas e Hija,0.0,659.16,-659.16
4377,Gestora Jaime,1215.67,1874.97,-659.3
1096,Cruz-Escalante e Hijo,0.0,660.62,-660.62
4793,"Zavala, Quezada y Leyva y Flia.",573.38,1234.39,-661.01
3202,Ruíz y Vázquez,850.75,1514.55,-663.8
1149,Viera y Vidal,2361.55,3027.81,-666.26
1595,Collado-Barajas,0.0,666.46,-666.46
765,Escobedo-Tapia y Asoc.,1266.73,1933.86,-667.13
615,Viajes Bautista-Vargas,1105.1,1774.94,-669.84
4932,Centro Reina-Rubio,0.0,671.0,-671.0
4696,Centro Casado-Hinojosa,1127.94,1800.82,-672.88
2924,Viajes Cárdenas,0.0,673.62,-673.62
4898,Núñez-Collazo S. de H.,0.0,673.81,-673.81
4065,"Pons, Cotto y Coronado y Asoc.",0.0,676.33,-676.33
2221,Sáenz-Carrasquillo y Asoc.,0.0,677.91,-677.91
4852,Téllez de Alba,868.83,1549.98,-681.15
1683,Holguín-Rojas y Asoc.,2555.55,3239.11,-683.56
2517,Roig y Calero SA,82.01,766.56,-684.55
4278,Gestora Serrato,0.0,685.36,-685.36
3007,Asociación Terán-Amaya,0.0,685.6,-685.6
1532,Grupo Escribano-Andrés,0.0,685.66,-685.66
3740,Empresa Limón-Valdez,934.85,1620.72,-685.87
282,Gallardo de Reséndez e Hija,0.0,686.7,-686.7
3718,Navarro de Ferrer,0.0,688.27,-688.27
4755,Asociación Nazario-Peña,0.0,688.84,-688.84
849,Merino de Uribe,0.0,689.7,-689.7
2079,Tirado-Pulido y Flia.,0.0,689.84,-689.84
1840,"Moral, Rodarte y Ruiz y Flia.",75.52,766.67,-691.15
1777,Grupo Puga,1931.83,2623.25,-691.42
4933,Pelayo y Esteban,0.0,691.65,-691.65
4786,Galindo y Espinoza SA,155.19,846.9,-691.71
4719,Asociación Regalado y Flia.,69.65,762.91,-693.26
2827,Empresa Zambrano,1383.15,2077.68,-694.53
444,Velásquez de Espinosa,814.53,1510.24,-695.71
1419,Acosta y Miramontes,238.55,937.7,-699.15
4301,Viajes Llamas e Hija,0.0,699.92,-699.92
4088,Ornelas-López e Hijos,0.0,700.27,-700.27
2289,Silva y Ferrer e Hija,1021.05,1723.51,-702.46
3394,Trejo-Galán y Flia.,207.66,911.23,-703.57
1675,Saldivar de Armendáriz e Hijos,0.0,707.78,-707.78
4434,Sanz de Salvador,303.02,1011.79,-708.77
2602,Arteaga-Bermúdez y Flia.,0.0,709.64,-709.64
2772,Muro y Valencia SA,0.0,709.96,-709.96
1921,Empresa Godoy-Mateo,1261.26,1971.55,-710.29
510,Núñez de Posada SRL,0.0,712.61,-712.61
523,Empresa Costa,953.66,1666.9,-713.24
4820,Rodríquez de Sosa,0.0,714.76,-714.76
2030,Duran-Casares y Flia.,834.6,1552.06,-717.46
3695,Air Mateos-Toledo,0.0,720.5,-720.5
2765,Roig y Luevano SRL,0.0,723.38,-723.38
3566,Gestora Reyes,0.0,725.32,-725.32
800,Empresa Arenas e Hijos,0.0,725.64,-725.64
1225,Peña-Armas,727.9,1454.21,-726.31
2868,"Ochoa, Alva y Roybal e Hijo",0.0,726.76,-726.76
3847,Marrero-Estévez SA,318.43,1045.24,-726.81
3327,Viajes Carrasquillo-Macías,0.0,727.3,-727.3
3069,Corporación Arellano,1031.01,1763.69,-732.68
1935,"Villaseñor, Dueñas y Almonte e Hijos",0.0,733.06,-733.06
1571,Air Soliz,0.0,734.89,-734.89
3337,Cardona-Soriano y Flia.,0.0,735.37,-735.37
1780,Empresa Dávila,0.0,736.24,-736.24
2366,Asociación Centeno,0.0,743.14,-743.14
3593,Ulloa-Quintero e Hija,652.49,1400.87,-748.38
4776,Carbajal de Benavides SRL,0.0,749.28,-749.28
2814,Camarillo y Pardo e Hijo,0.0,749.62,-749.62
389,Mesa de Pantoja,865.88,1617.6,-751.72
2724,Tafoya y Menéndez SRL,2238.04,2995.84,-757.8
2791,Rael-Paredes,109.34,868.78,-759.44
1084,Gestora Ojeda,0.0,761.24,-761.24
4150,Meléndez de Nava,0.0,770.98,-770.98
4407,Menéndez de Miramontes S. de H.,720.86,1492.83,-771.97
2955,Alaniz-Castaño,0.0,772.36,-772.36
4917,Galindo-Juárez,260.16,1032.89,-772.73
4493,Corporación Cervántez e Hijos,0.0,773.79,-773.79
79,"Vargas, Botello y Terán e Hija",331.17,1106.17,-775.0
1678,Roldán y Nieves,371.33,1146.49,-775.16
4809,Polo-Treviño y Flia.,0.0,778.22,-778.22
3604,Centeno y Montañez,1211.41,1995.14,-783.73
646,Jurado de Nieves,0.0,786.39,-786.39
3863,Robledo-Cisneros,1168.28,1954.71,-786.43
2000,Sánchez y Díez,0.0,786.64,-786.64
3861,"Villalpando, Ávalos y Casas e Hijo",762.12,1551.58,-789.46
3791,Álvarez y Esquibel,0.0,791.92,-791.92
1223,Corporación Nava-Pereira,0.0,793.59,-793.59
967,Palomino y Rojas e Hijo,905.23,1702.53,-797.3
99,Corporación Reyna y Flia.,902.46,1701.03,-798.57
3314,Calderón-Burgos SRL,0.0,798.61,-798.61
1684,"Vaca, Escudero y Tijerina e Hija",0.0,799.03,-799.03
460,Gallego y Gil,0.0,799.98,-799.98
3761,Gestora Pantoja SRL,1339.47,2139.73,-800.26
1301,Rivera y Castellanos,0.0,800.92,-800.92
2747,"Guerra, Olivera y Soler e Hijos",0.0,802.07,-802.07
4986,Angulo de Posada,1039.81,1845.21,-805.4
4580,Caro de Benítez y Flia.,0.0,806.6,-806.6
2411,Flores-Luis S. de H.,1066.18,1873.61,-807.43
3986,Centro Juan y Asoc.,0.0,808.26,-808.26
3854,Razo de Bustos,1579.65,2390.33,-810.68
211,Rivero y Escamilla e Hijo,0.0,811.08,-811.08
3205,Iglesias y Cárdenas y Flia.,782.15,1595.04,-812.89
2028,Grupo Valle-Barragán,0.0,815.09,-815.09
2194,Grupo Santana,0.0,815.38,-815.38
2551,Asociación Rosas,657.5,1477.4,-819.9
3710,Viajes Jasso-Serrano,0.0,820.48,-820.48
4869,Aguilera de Pulido,0.0,824.7,-824.7
2442,Jurado de Miguel,0.0,826.35,-826.35
188,"Viera, Villegas y Verdugo e Hijos",0.0,826.84,-826.84
3173,Rubio de Tafoya SA,688.57,1515.77,-827.2
948,Reyes-Nava,0.0,827.47,-827.47
4264,Air Mares-Parra,0.0,829.04,-829.04
1208,Jaramillo-Hernádez e Hijo,1090.32,1922.94,-832.62
4906,Air Izquierdo-Ramón,1159.51,1993.8,-834.29
816,Quintana de Melgar,0.0,835.02,-835.02
4837,Abeyta de Leal S. de H.,0.0,836.15,-836.15
3824,Raya de Serna,0.0,836.41,-836.41
594,Robles y Mateo,0.0,841.38,-841.38
4795,Millán y Lucero e Hijos,0.0,841.72,-841.72
472,Quintana-Cervántez e Hijos,2070.75,2912.98,-842.23
4827,Caraballo de Carranza,534.38,1378.4,-844.02
1965,Air Mota-Hernández,0.0,844.84,-844.84
1944,Ruelas-Pérez e Hijos,1039.53,1886.23,-846.7
4601,Iglesias-Alaniz e Hijo,742.53,1589.9,-847.37
1733,Altamirano-Serna,549.8,1399.54,-849.74
4157,Ramón-Ojeda S. de H.,1973.09,2823.12,-850.03
4418,Cornejo de Reyes,0.0,851.38,-851.38
2695,Puga de Hernández,1755.35,2608.13,-852.78
2957,Viajes Benavides,0.0,853.19,-853.19
1216,Empresa Escribano,194.06,1048.35,-854.29
4721,Riojas y Luna S. de H.,929.97,1785.57,-855.6
2056,Holguín-Niño,0.0,861.05,-861.05
4610,Cervantes y Quiroz SA,577.9,1440.25,-862.35
4061,Maya de Serrato e Hija,0.0,864.28,-864.28
1274,Air Armas SRL,350.29,1216.18,-865.89
1585,Alvarado-Solorio e Hijo,0.0,866.6,-866.6
323,Becerra de Cano,2883.24,3752.47,-869.23
3822,Delarosa de Carbajal,0.0,870.37,-870.37
4147,Delgado de Izquierdo,0.0,873.29,-873.29
651,Yáñez de Castro,0.0,873.32,-873.32
2345,Empresa Collazo e Hija,1179.8,2057.27,-877.47
161,"Galindo, Villalpando y Menéndez y Asoc.",1239.71,2118.29,-878.58
3887,Luna-Mayorga,441.24,1320.24,-879.0
219,Asociación Robledo-Rosales,0.0,880.24,-880.24
4860,Marroquín-Meléndez,528.31,1410.83,-882.52
2830,Viajes Iglesias-Toro,0.0,882.63,-882.63
2534,Corporación Aguilera,0.0,884.49,-884.49
1242,Baca de Ulibarri,0.0,884.91,-884.91
3606,Muñiz de Becerra,0.0,886.37,-886.37
3510,Quezada-Moya e Hija,356.62,1248.84,-892.22
2612,Gestora Tejada SA,0.0,892.28,-892.28
3447,Corporación Crespo y Flia.,0.0,893.56,-893.56
1969,Esquibel y Jaramillo y Asoc.,0.0,894.44,-894.44
602,Domínquez-Pabón SRL,95.83,994.3,-898.47
2879,Juárez-Nieto y Flia.,1384.57,2283.2,-898.63
2538,Chavarría y Canales e Hija,0.0,899.46,-899.46
2722,Segura de Estévez,714.57,1616.14,-901.57
4544,Global Vaca,1347.31,2251.07,-903.76
1010,Gil de Alejandro,1870.3,2775.53,-905.23
4975,Grupo Antón-Gámez,813.09,1718.87,-905.78
328,Grupo Cerda-Ballesteros,0.0,906.79,-906.79
17,"De la Torre, Esparza y Arribas SA",0.0,909.28,-909.28
2447,Manzano y Vaca,258.75,1169.89,-911.14
3018,Tello-Zavala,0.0,913.78,-913.78
3418,"Calero, Enríquez y Menchaca e Hijos",584.76,1500.19,-915.43
2753,Herrero-Rivero e Hija,610.51,1526.55,-916.04
2374,Leal de Brito S. de H.,1945.45,2861.67,-916.22
1894,Monroy de Lebrón,1203.94,2121.96,-918.02
1724,Otero de Rolón SRL,0.0,918.18,-918.18
2011,Empresa Rivero-Franco,0.0,920.31,-920.31
756,"Apodaca, Guardado y Pantoja e Hijo",332.0,1252.37,-920.37
915,"Bañuelos, Miramontes y Cuenca y Asoc.",0.0,922.76,-922.76
1763,Hernádez de Redondo,0.0,925.83,-925.83
4758,"Urías, Puga y Girón e Hijo",0.0,928.61,-928.61
4317,"Tijerina, Corral y Cano y Flia.",373.13,1302.06,-928.93
4497,Gestora Sancho-Mesa,0.0,929.16,-929.16
3150,Uribe de Alfaro,639.14,1568.69,-929.55
3430,Corral y Sanz,0.0,931.9,-931.9
1423,Robledo y Botello,0.0,932.34,-932.34
3898,"Solorio, Medrano y Colón e Hijos",0.0,934.41,-934.41
2124,Asociación Aranda y Flia.,370.04,1304.61,-934.57
2663,Corporación Gracia e Hijos,1702.36,2637.11,-934.75
1864,Mares y Martos,0.0,937.33,-937.33
4111,Marrero de Zamudio y Flia.,986.78,1924.32,-937.54
2903,"Sierra, Duarte y Covarrubias e Hijos",1679.67,2620.55,-940.88
632,Gálvez-Ocasio,0.0,943.97,-943.97
2853,Global Cordero-Zelaya,157.14,1102.5,-945.36
3894,Gestora Castro-Mojica,0.0,945.64,-945.64
2763,Manzano y Prado,0.0,945.77,-945.77
276,Empresa Ros,538.41,1486.59,-948.18
3055,Centro Collado S. de H.,55.45,1004.36,-948.91
978,Palomo de Marco e Hija,0.0,949.19,-949.19
3936,Esteban de Alemán e Hijos,1391.3,2340.6,-949.3
368,Asensio de Villalba,513.66,1463.24,-949.58
1539,Centro Olivas,1011.26,1960.98,-949.72
4298,Gestora Lucas e Hijos,1776.89,2728.91,-952.02
1561,Centro Rosales,753.52,1706.47,-952.95
2420,"Reynoso, Bueno y Orosco SRL",217.08,1170.14,-953.06
2589,"Gamboa, Franco y Medrano e Hija",942.52,1896.03,-953.51
3171,"Barraza, Sola y Alejandro SA",0.0,965.03,-965.03
208,Avilés de Tamayo e Hijos,0.0,968.11,-968.11
4211,Romo-Valero,0.0,974.51,-974.51
2645,Esquibel de Alonso,30.24,1005.06,-974.82
1397,Gallardo de Roybal,0.0,976.49,-976.49
4055,Air Jaramillo-Betancourt,270.67,1248.44,-977.77
139,Empresa Abad,0.0,978.57,-978.57
4047,Domingo y García,1572.99,2552.66,-979.67
2651,Corporación Tello,432.88,1417.25,-984.37
1440,"Caro, Casares y Reséndez y Asoc.",0.0,985.13,-985.13
514,Global Atencio-Gastélum,0.0,988.08,-988.08
1917,Global Caldera,0.0,988.31,-988.31
348,Manzano de Cervantes,361.12,1350.07,-988.95
2837,Peres y Girón,714.36,1707.19,-992.83
4510,Asociación Alejandro,460.85,1454.9,-994.05
1600,Delvalle-Delarosa SRL,0.0,995.98,-995.98
4003,Trejo y Font,0.0,996.59,-996.59
1749,Air Expósito-Ramos,0.0,998.4,-998.4
4062,Viajes Lomeli,0.0,1000.63,-1000.63
682,Robledo y Meraz e Hijo,0.0,1000.8,-1000.8
2171,Centro Sanz y Flia.,124.03,1126.11,-1002.08
741,Corporación Iglesias-Herrera,0.0,1003.96,-1003.96
3766,Martín-Valenzuela,0.0,1004.28,-1004.28
4607,Villar y Román,0.0,1005.42,-1005.42
3615,"Roque, Reséndez y Villagómez e Hijos",760.99,1768.23,-1007.24
54,Cerda y Acosta,682.98,1690.96,-1007.98
241,Bonilla y Razo,0.0,1008.85,-1008.85
1396,Gestora Arellano,640.54,1650.58,-1010.04
3648,Gastélum y Sáenz,993.37,2003.96,-1010.59
2547,Santos-Aguilera SRL,676.0,1688.51,-1012.51
1406,Empresa Briones-Alonzo,0.0,1013.91,-1013.91
3125,Bonilla-Mares,418.3,1434.77,-1016.47
2697,Grupo Ávalos,0.0,1017.03,-1017.03
2726,Adorno-Lira e Hija,2327.22,3344.56,-1017.34
3014,Vila de Suárez,1127.22,2148.14,-1020.92
3415,Macías-Molina,0.0,1022.02,-1022.02
4651,Ceballos y Salcedo e Hijo,0.0,1022.07,-1022.07
1549,Grupo Covarrubias y Asoc.,0.0,1023.32,-1023.32
4235,Brito-Ozuna e Hijo,0.0,1024.16,-1024.16
619,Paredes de Garrido,1292.62,2317.65,-1025.03
2044,Escalante-Plaza,584.11,1609.34,-1025.23
1087,"Garay, Razo y Concepción e Hija",385.33,1412.48,-1027.15
2163,Asociación Más-Navarro,2194.82,3222.77,-1027.95
4396,Alba-Aguilera e Hijo,195.9,1224.45,-1028.55
1480,"Arce, Arevalo y Castellano e Hija",165.53,1194.09,-1028.56
1591,Tijerina de Espino e Hijos,0.0,1029.01,-1029.01
1232,Almanza y Aguado y Flia.,2349.36,3379.37,-1030.01
2833,Campos-Barela e Hija,975.35,2005.73,-1030.38
4326,Marco y Sarabia,433.63,1467.81,-1034.18
3563,Rascón de Pascual,67.3,1102.81,-1035.51
2262,"Valencia, Gómez y Yáñez y Asoc.",0.0,1037.45,-1037.45
2020,Casárez-Nava,0.0,1041.14,-1041.14
2404,Asociación Ávalos,1045.77,2087.13,-1041.36
2291,Viajes Cuevas SRL,0.0,1041.79,-1041.79
4454,Rojo-Delrío e Hijos,0.0,1045.63,-1045.63
1665,"Mondragón, Rendón y Redondo SA",0.0,1048.38,-1048.38
2102,Orosco-Nieto y Asoc.,0.0,1049.84,-1049.84
696,Corporación Polanco e Hija,1509.39,2560.11,-1050.72
3193,Blázquez-Leal,0.0,1053.05,-1053.05
1063,Corporación Ledesma-Jasso,1211.81,2274.83,-1063.02
3043,Corporación Ayala-Navarrete,0.0,1065.92,-1065.92
4654,Global Perales,0.0,1065.98,-1065.98
2742,Arenas-Ruíz,3525.96,4595.5,-1069.54
366,Alanis-Gaona e Hijos,0.0,1070.42,-1070.42
2111,Viajes Escobedo SA,0.0,1070.45,-1070.45
1262,Girón-Sedillo,0.0,1072.09,-1072.09
4426,Godínez de Salcedo,0.0,1073.26,-1073.26
80,Madrigal-Expósito S. de H.,0.0,1075.2,-1075.2
4582,Global Parra,0.0,1076.34,-1076.34
3045,Barela-Cuenca y Flia.,0.0,1076.9,-1076.9
1203,Simón-Beltrán e Hijo,1962.24,3039.5,-1077.26
2162,"Ramón, Estévez y Escamilla S. de H.",1698.53,2777.13,-1078.6
3083,Ceballos-Ontiveros e Hija,0.0,1079.26,-1079.26
1319,Solano de Miguel,0.0,1084.01,-1084.01
3697,Asociación Covarrubias,0.0,1086.8,-1086.8
667,Macias-Esquibel,0.0,1088.44,-1088.44
4445,Centro Domenech,0.0,1088.6,-1088.6
1821,Empresa De la Cruz-Abrego,958.53,2047.52,-1088.99
1879,Gestora Montaño y Asoc.,162.6,1252.12,-1089.52
2947,Colunga de Salas e Hijo,0.0,1096.83,-1096.83
414,Empresa Lovato,0.0,1099.83,-1099.83
462,Centeno y Vázquez,267.54,1368.37,-1100.83
3029,Valero y Aguirre,1292.42,2394.28,-1101.86
4355,Iglesias-Arguello,1251.64,2355.12,-1103.48
1594,Brito-Bravo,0.0,1105.89,-1105.89
3504,"Concepción, Maestas y Hernándes S. de H.",0.0,1106.24,-1106.24
2459,Bermejo y Zaragoza,1484.41,2590.96,-1106.55
4711,Loera de Arellano,0.0,1109.69,-1109.69
4485,Abreu y Soria,0.0,1110.81,-1110.81
3978,De la Cruz y Ortega SRL,209.09,1320.01,-1110.92
2428,Covarrubias y Ruvalcaba,0.0,1111.46,-1111.46
3642,Alarcón de Robledo,1766.31,2877.79,-1111.48
4587,Roque-Castillo y Asoc.,0.0,1115.63,-1115.63
4936,Grupo Carbajal-Baca,0.0,1117.24,-1117.24
2043,Rosales y Mejía,0.0,1117.35,-1117.35
1948,Galarza y Palomino y Asoc.,0.0,1121.83,-1121.83
1599,Carmona de Sepúlveda,0.0,1124.98,-1124.98
941,Salazar y Ramírez,0.0,1126.53,-1126.53
367,Curiel-Dueñas,0.0,1126.78,-1126.78
4940,Viajes Peralta e Hijo,176.48,1308.43,-1131.95
2764,Carrasquillo y Jaime e Hija,1226.13,2359.41,-1133.28
997,Centro Carrero,0.0,1133.84,-1133.84
4798,Granado de García SRL,0.0,1133.87,-1133.87
3708,"Millán, Portillo y Macias y Flia.",0.0,1134.35,-1134.35
4521,Empresa Montenegro y Flia.,1645.39,2779.99,-1134.6
4969,Grupo Apodaca,0.0,1135.4,-1135.4
513,Muñoz de Ozuna,2361.78,3498.85,-1137.07
3926,Jiménez y Ceja,109.24,1246.75,-1137.51
2607,Gestora Rincón S. de H.,1962.25,3100.45,-1138.2
3393,Empresa Arroyo,0.0,1141.0,-1141.0
3784,Centro Gutiérrez S. de H.,0.0,1141.28,-1141.28
4095,Laureano de Carreón,558.79,1701.44,-1142.65
2477,Ybarra y Quezada e Hijo,861.36,2005.39,-1144.03
511,Ocampo-Balderas e Hija,0.0,1145.08,-1145.08
2582,Márquez y Escobedo,0.0,1145.9,-1145.9
332,Uribe de Gálvez SRL,0.0,1147.01,-1147.01
3558,Marco de Saiz e Hijos,213.74,1361.95,-1148.21
895,Cárdenas y Rojas SRL,803.49,1952.2,-1148.71
4362,Asociación Ramírez,0.0,1149.27,-1149.27
1471,Santana y Negrete,950.28,2100.78,-1150.5
4668,Escamilla y Lucio,0.0,1151.33,-1151.33
2996,Castañeda de Aguilera,0.0,1151.33,-1151.33
106,Empresa Angulo S. de H.,0.0,1153.67,-1153.67
3308,Rosa de Feliciano e Hija,0.0,1156.81,-1156.81
4857,"Luján, Alaniz y Porras e Hijos",0.0,1158.99,-1158.99
3151,Asociación Estévez-Iglesias,173.53,1333.48,-1159.95
1005,Melgar de Núñez y Asoc.,0.0,1162.05,-1162.05
2893,"Cervantes, Varela y Guerra y Flia.",0.0,1164.25,-1164.25
1081,"Cardona, Marrero y Cárdenas e Hijo",0.0,1167.64,-1167.64
3354,Noriega y Herrero,1062.02,2229.99,-1167.97
2013,Mota-Guillen y Asoc.,106.53,1275.24,-1168.71
419,Air Patiño SA,0.0,1176.45,-1176.45
2782,Air Palomo-Solís,1797.38,2973.97,-1176.59
2040,Viajes Millán-Sáenz,743.51,1921.01,-1177.5
4114,Carranza-Meléndez,802.78,1983.31,-1180.53
837,Alonso de Contreras y Asoc.,763.15,1944.96,-1181.81
1468,Amaya de Luna S. de H.,0.0,1183.25,-1183.25
4092,Duran y Pérez y Asoc.,0.0,1183.45,-1183.45
4802,Lira de Maestas e Hijo,1159.26,2343.08,-1183.82
1211,Centro Anguiano y Asoc.,0.0,1186.46,-1186.46
4742,Villagómez y Verduzco S. de H.,1496.17,2684.42,-1188.25
862,Clemente-Gimeno,1706.0,2896.57,-1190.57
270,Air Aragón,0.0,1191.17,-1191.17
1553,Empresa Casillas,2197.3,3391.76,-1194.46
2135,Marroquín de Ramos,0.0,1195.49,-1195.49
1399,Lugo y Canales SA,0.0,1196.53,-1196.53
3577,Viajes Sáez-Treviño,0.0,1199.24,-1199.24
1508,Arias de Barela SA,0.0,1205.22,-1205.22
471,Limón y Ybarra SRL,1570.27,2775.87,-1205.6
1023,"Sisneros, Cervantes y Zelaya e Hija",0.0,1205.65,-1205.65
55,Laboy de Pozo S. de H.,0.0,1207.11,-1207.11
1181,Global Murillo SRL,0.0,1207.65,-1207.65
698,Pardo y Pabón,1878.57,3089.93,-1211.36
576,Malave de Benavídez,434.09,1645.96,-1211.87
1778,Casárez de Chapa SA,0.0,1213.48,-1213.48
1839,Mena-Balderas,561.91,1775.66,-1213.75
2531,Calvillo de Berríos e Hijos,720.7,1935.87,-1215.17
1587,Parra de Gálvez e Hijo,159.59,1374.76,-1215.17
2264,Esquibel-Valles S. de H.,0.0,1215.23,-1215.23
244,Delrío de Camacho,0.0,1215.59,-1215.59
652,Viajes Jurado S. de H.,0.0,1216.38,-1216.38
1887,Corporación Lucio-Narváez,0.0,1217.47,-1217.47
4862,"Marco, Villalobos y Villa SA",0.0,1221.13,-1221.13
3071,Solís y Vera,444.07,1666.33,-1222.26
4598,Viajes Ochoa-Carranza,1791.14,3015.49,-1224.35
4227,Garica de Maestas y Flia.,0.0,1225.49,-1225.49
2552,Air Puga y Asoc.,0.0,1226.6,-1226.6
2610,Air Hernández-Matías,0.0,1228.0,-1228.0
4330,Portillo de Mora SA,1451.92,2681.02,-1229.1
2402,Garibay-Galván y Asoc.,0.0,1235.58,-1235.58
4342,Castellanos-Puig e Hijos,0.0,1236.19,-1236.19
3569,Rubio y Cadena S. de H.,512.38,1750.11,-1237.73
1330,Asociación Jáquez,0.0,1240.74,-1240.74
3830,Gestora Castellanos-Antón,0.0,1241.22,-1241.22
3127,Asociación Esteban-Cintrón,0.0,1242.52,-1242.52
4752,Corporación Baca,0.0,1244.37,-1244.37
2300,Alarcón y Castellanos,0.0,1247.8,-1247.8
476,"Campos, Alonso y Murillo SA",0.0,1248.8,-1248.8
3033,Yáñez de Naranjo y Flia.,1133.98,2383.58,-1249.6
585,Rodríguez de Velázquez,0.0,1250.89,-1250.89
4009,Villalpando de Tejada e Hija,0.0,1252.16,-1252.16
3564,Grupo Delao-Delapaz,0.0,1252.32,-1252.32
2260,Lorente-Sarabia,0.0,1253.88,-1253.88
453,"Portillo, Casárez y Hernández y Asoc.",0.0,1257.5,-1257.5
2492,Ureña de Loera,0.0,1258.73,-1258.73
3481,Serrano-Rivero SA,0.0,1259.82,-1259.82
19,Centro Marín y Flia.,0.0,1260.22,-1260.22
3785,Viajes De Jesús e Hijos,0.0,1261.82,-1261.82
3990,Gestora Niño e Hija,0.0,1262.68,-1262.68
2831,Asociación Espino,0.0,1263.42,-1263.42
3346,Aguayo y Riera,209.75,1475.44,-1265.69
2704,Grupo Rosado e Hija,309.32,1575.68,-1266.36
1658,Heredia de Aranda,0.0,1266.66,-1266.66
733,Mendoza de Mendoza e Hijos,280.26,1547.73,-1267.47
3818,Viajes Atencio e Hijos,1031.05,2305.95,-1274.9
4616,Carranza-Pascual,0.0,1280.88,-1280.88
1874,"Batista, Cadena y Armenta S. de H.",0.0,1285.18,-1285.18
3971,Peres y Tafoya e Hijos,365.52,1652.27,-1286.75
2923,"Amador, Carmona y Velasco e Hijos",0.0,1289.04,-1289.04
9,Adorno de León,844.32,2135.39,-1291.07
2185,Gallardo y Jurado,0.0,1291.42,-1291.42
2227,"Canales, Tafoya y Betancourt y Flia.",0.0,1292.81,-1292.81
2623,Palomino de Verduzco,24.61,1319.42,-1294.81
4482,Casillas y Ojeda,290.94,1585.97,-1295.03
4005,Reyes-Alejandro,0.0,1296.29,-1296.29
2564,Viajes Yáñez-Pereira,179.98,1476.41,-1296.43
674,Arenas-Arce,1022.47,2320.48,-1298.01
2076,Villegas y Raya e Hija,0.0,1303.89,-1303.89
3272,Sevilla-Trujillo,73.78,1380.98,-1307.2
335,Godoy de Ornelas S. de H.,456.48,1763.91,-1307.43
757,Rivera-Reyna,0.0,1312.22,-1312.22
359,Alonzo de Carrera,0.0,1314.6,-1314.6
2172,Roldán-Mesa S. de H.,0.0,1315.73,-1315.73
4257,Marco de Cintrón,0.0,1318.72,-1318.72
4253,"Valles, Correa y Delrío y Asoc.",0.0,1320.96,-1320.96
3289,Cabrera y Amaya y Asoc.,0.0,1323.56,-1323.56
1147,Meza y Castillo y Asoc.,0.0,1331.36,-1331.36
4861,Cerda de Bermejo SRL,0.0,1333.92,-1333.92
89,Aguilar-Román y Flia.,0.0,1335.48,-1335.48
527,Elizondo de Rojas,321.44,1658.05,-1336.61
2983,Jiménez-Jaimes,0.0,1337.64,-1337.64
3625,Pelayo de Osorio S. de H.,1196.4,2535.45,-1339.05
2902,Grupo Villar-Andreu,626.54,1965.72,-1339.18
3372,Linares y Sosa y Asoc.,0.0,1343.36,-1343.36
4289,Olivera de Lovato SRL,0.0,1343.68,-1343.68
2363,Pacheco-Sáenz y Flia.,550.1,1894.87,-1344.77
1987,Alanis de Arce,0.0,1344.91,-1344.91
344,Sáez y Pagan,0.0,1345.51,-1345.51
1612,Hernándes y Oliva,0.0,1347.72,-1347.72
2918,Sánchez y Casado,0.0,1355.98,-1355.98
3109,Zayas y Estrada,0.0,1356.87,-1356.87
436,Corporación Meraz-Verduzco,0.0,1359.53,-1359.53
591,Niño y Muro,0.0,1360.08,-1360.08
1386,Ontiveros y Plaza e Hijos,0.0,1361.95,-1361.95
4982,Mateo y Ocampo e Hijo,0.0,1362.46,-1362.46
2752,Gutiérrez de Luis,0.0,1365.43,-1365.43
1574,Barroso y Baeza,0.0,1365.68,-1365.68
1967,Villaseñor y Caro,2507.38,3873.5,-1366.12
2577,Contreras y Naranjo y Asoc.,1937.68,3307.98,-1370.3
890,Bañuelos-Yáñez e Hijo,542.91,1915.05,-1372.14
4116,Air Terán,592.07,1968.73,-1376.66
1554,Maestas de Mireles,0.0,1377.04,-1377.04
3399,Empresa Hernando,0.0,1377.49,-1377.49
3969,Air De Jesús e Hijo,0.0,1384.2,-1384.2
1343,"Rueda, Soria y Casillas e Hijos",0.0,1384.47,-1384.47
2657,Gestora Navarro y Asoc.,1528.38,2918.41,-1390.03
2993,Nazario de Collado,0.0,1391.41,-1391.41
228,Air Saldaña-Menchaca,1000.34,2392.74,-1392.4
2770,Zaragoza-Delagarza,1350.97,2744.57,-1393.6
556,Centro Barraza,0.0,1394.03,-1394.03
2235,Ávila de Duarte e Hijos,0.0,1396.64,-1396.64
3878,Olivera de Núñez y Asoc.,0.0,1397.04,-1397.04
3930,Villareal-Samaniego,212.04,1611.29,-1399.25
2821,Godoy de Gimeno,822.93,2223.47,-1400.54
1187,Lerma y Collazo y Flia.,0.0,1403.78,-1403.78
1263,Arenas y Montañez SA,0.0,1404.89,-1404.89
1541,Global Oquendo-Madrid,0.0,1410.43,-1410.43
3123,Grupo Conde,392.88,1807.06,-1414.18
877,Asociación Carreón,0.0,1417.63,-1417.63
4952,Tejada y Santillán e Hija,490.89,1910.32,-1419.43
3325,Corporación Villalobos e Hijos,1530.4,2952.59,-1422.19
3896,Grupo Matías,0.0,1422.79,-1422.79
3091,Aragón y Sisneros,1686.8,3110.46,-1423.66
1410,Global Riera,0.0,1424.31,-1424.31
735,Centro Márquez e Hijos,0.0,1429.1,-1429.1
2557,Escamilla-Roca,0.0,1433.43,-1433.43
1514,Berríos de Osorio SRL,0.0,1437.86,-1437.86
655,Corporación Gurule,0.0,1438.26,-1438.26
2226,Air Huerta,0.0,1438.37,-1438.37
2301,Corporación Perea-Meza,1573.74,3014.42,-1440.68
199,Baeza y Santacruz S. de H.,0.0,1443.24,-1443.24
4913,Urbina y Atencio,0.0,1443.77,-1443.77
119,Llorente y Alanis e Hija,0.0,1447.72,-1447.72
3688,Ordoñez de Rivera S. de H.,696.5,2145.06,-1448.56
108,Ramos y Jáquez y Asoc.,0.0,1450.66,-1450.66
868,Salazar de Deleón,0.0,1452.02,-1452.02
2664,Preciado-Llorente,0.0,1456.81,-1456.81
3621,Fonseca de Atencio e Hijos,0.0,1457.83,-1457.83
3457,Grupo Calderón-Marcos,414.94,1877.94,-1463.0
2852,"Leyva, Lebrón y Martos e Hijos",0.0,1463.51,-1463.51
4644,"Esparza, Crespo y Suárez e Hijos",0.0,1464.44,-1464.44
2448,Grupo Morales-Angulo,0.0,1469.79,-1469.79
2709,Serrato y Tello,0.0,1471.47,-1471.47
1416,Asociación Malave S. de H.,0.0,1473.03,-1473.03
1522,Mondragón de Lorenzo e Hijo,0.0,1473.43,-1473.43
2122,Gestora Bravo,0.0,1474.49,-1474.49
2661,Tello de Montaño SRL,107.21,1582.62,-1475.41
2229,Ruvalcaba de Pardo,991.31,2468.29,-1476.98
1469,Crespo de Matos SRL,0.0,1479.85,-1479.85
288,Tamez de Holguín S. de H.,0.0,1480.4,-1480.4
3972,Grupo Ceballos,0.0,1483.33,-1483.33
4472,Díez-Márquez SA,0.0,1483.82,-1483.82
4324,Medina de Muñiz,382.37,1867.62,-1485.25
1426,Centro Robledo,0.0,1485.38,-1485.38
1813,Empresa Alonso S. de H.,23.84,1509.6,-1485.76
927,Adame-Nava y Asoc.,0.0,1485.81,-1485.81
3419,Vanegas y Fierro,0.0,1487.92,-1487.92
2495,"Herrero, Laboy y Cedillo e Hijos",0.0,1490.49,-1490.49
1421,"Toledo, Aguado y Bravo y Flia.",0.0,1490.91,-1490.91
4081,Yáñez y Cisneros,1322.2,2816.29,-1494.09
4966,Viajes Galván,0.0,1497.81,-1497.81
1506,Pedroza-Muñiz,0.0,1498.36,-1498.36
4016,"Chapa, Suárez y Blasco e Hijo",1270.67,2769.22,-1498.55
198,"Aguilar, Sarabia y Armenta S. de H.",0.0,1499.89,-1499.89
1045,Cantú y Niño e Hijos,0.0,1503.44,-1503.44
4722,Jimínez y Luque,0.0,1504.06,-1504.06
2199,Gonzáles de Camarillo,0.0,1504.98,-1504.98
955,Salcedo de Mojica,0.0,1505.48,-1505.48
4658,Calero-Pardo,0.0,1507.02,-1507.02
8,"Gastélum, Sevilla y Bustamante SRL",0.0,1507.43,-1507.43
3749,Espino de Calvillo,0.0,1510.42,-1510.42
1728,Griego-De Jesús,1194.83,2710.35,-1515.52
4878,"Cazares, Abrego y Narváez y Asoc.",0.0,1516.59,-1516.59
892,Ruíz-Peres y Asoc.,0.0,1522.94,-1522.94
2198,Gálvez-Meraz,0.0,1524.44,-1524.44
1248,Téllez y Porras,0.0,1525.33,-1525.33
822,Global Merino-Simón,1488.86,3016.68,-1527.82
2472,Cadena-Varela,0.0,1527.85,-1527.85
1646,Gestora Arteaga e Hija,0.0,1529.27,-1529.27
2967,Ulibarri-Cabán,175.04,1705.02,-1529.98
3902,Empresa Sánchez-Mora,262.0,1793.14,-1531.14
1992,Global Noriega-Garrido,0.0,1533.36,-1533.36
605,Ros-Naranjo SRL,0.0,1537.43,-1537.43
3455,Ponce y Verduzco,1659.35,3196.97,-1537.62
3752,Mateos de Soliz S. de H.,647.83,2185.55,-1537.72
3024,Esteban de Acevedo e Hijos,0.0,1543.7,-1543.7
1912,Ortega y Abeyta SRL,0.0,1544.07,-1544.07
3732,Global Roig-Espino,0.0,1545.07,-1545.07
3297,Centro Urrutia SRL,700.59,2247.25,-1546.66
481,Asociación Reina-Salvador,0.0,1547.37,-1547.37
1623,Calvillo-Puente,0.0,1548.7,-1548.7
2743,Treviño y Rodríguez,0.0,1550.66,-1550.66
867,"Holguín, Lara y Delvalle e Hijos",175.72,1727.01,-1551.29
2805,Adame-Díaz y Asoc.,0.0,1553.79,-1553.79
2801,Sevilla-Patiño e Hijo,0.0,1555.17,-1555.17
4198,Viajes Reyes-Aguayo,0.0,1556.47,-1556.47
869,Almanza-Lemus SA,0.0,1556.98,-1556.98
272,Rosa-Collazo y Flia.,0.0,1559.39,-1559.39
81,Negrete de Peres S. de H.,0.0,1565.66,-1565.66
4464,Jurado de Mojica,1961.95,3527.98,-1566.03
3895,Air Salinas,0.0,1567.22,-1567.22
200,Magaña de Ayala,0.0,1571.03,-1571.03
4835,Gálvez de Zamora SRL,0.0,1571.55,-1571.55
3133,Bermúdez-Moya,0.0,1575.96,-1575.96
4524,Véliz y Pedraza y Flia.,0.0,1576.79,-1576.79
2713,Gaytán-Pastor y Flia.,2243.15,3820.3,-1577.15
3026,Pantoja y Espino y Asoc.,0.0,1577.38,-1577.38
4444,Berríos de Gamboa S. de H.,144.1,1723.32,-1579.22
4753,Centro Gil,0.0,1579.99,-1579.99
3686,"Navas, Lozada y Verduzco e Hijo",0.0,1582.2,-1582.2
4856,Valero de Centeno,0.0,1582.52,-1582.52
1173,Hernándes y Sánchez,0.0,1582.7,-1582.7
4466,Orta-Jaimes e Hija,565.95,2150.02,-1584.07
1756,Sosa de Carmona S. de H.,1644.25,3231.07,-1586.82
845,Caraballo y Rosado,411.05,1998.81,-1587.76
3364,Bañuelos-Preciado SRL,647.07,2235.5,-1588.43
4529,"Mares, Deleón y Tamez e Hija",0.0,1590.6,-1590.6
1641,Segovia y Villanueva,0.0,1594.19,-1594.19
4608,Oliva-Bravo e Hijo,0.0,1595.67,-1595.67
3701,Posada-Niño e Hijo,237.15,1832.88,-1595.73
2754,Grupo Morales-Pascual,0.0,1596.76,-1596.76
2647,"Ontiveros, Rosas y Peña S. de H.",154.14,1751.42,-1597.28
2427,Empresa Puga e Hija,0.0,1598.31,-1598.31
265,Global Hurtado,0.0,1605.49,-1605.49
3239,Suárez-Noriega e Hija,0.0,1606.15,-1606.15
1058,"Lerma, León y Redondo S. de H.",0.0,1607.67,-1607.67
4777,Montes-Ontiveros SA,0.0,1611.36,-1611.36
2388,Farías y Madera S. de H.,0.0,1614.43,-1614.43
566,Delgado-Lucas y Asoc.,0.0,1615.27,-1615.27
1086,Moral y Jiménez SRL,0.0,1617.7,-1617.7
1401,Lorenzo-Quintero y Flia.,0.0,1623.54,-1623.54
56,Viajes Vergara SA,285.62,1909.25,-1623.63
4339,"Sandoval, Olvera y Beltrán e Hija",0.0,1628.7,-1628.7
1545,Air Ríos-Lovato,0.0,1629.87,-1629.87
4437,Viajes Curiel,102.74,1737.35,-1634.61
4309,Centro Barreto,0.0,1636.22,-1636.22
920,Olivárez y Lorenzo,246.22,1888.57,-1642.35
4117,Casillas-Benavídez e Hijos,0.0,1646.61,-1646.61
4746,Rojo de Domínguez SRL,0.0,1649.6,-1649.6
782,Global Simón S. de H.,0.0,1649.88,-1649.88
3266,Benítez de Narváez y Asoc.,0.0,1650.44,-1650.44
59,Viajes Laureano,0.0,1651.25,-1651.25
1057,"Contreras, Arredondo y Ruvalcaba e Hijo",0.0,1651.7,-1651.7
47,Sáez-Cerda y Asoc.,0.0,1652.41,-1652.41
2276,Vélez y Marcos y Asoc.,0.0,1656.6,-1656.6
3520,Roig-Angulo e Hijo,0.0,1659.05,-1659.05
896,Fajardo de Villagómez SRL,0.0,1659.53,-1659.53
974,Narváez de Raya,0.0,1659.57,-1659.57
3727,Longoria-Mendoza,2267.46,3932.06,-1664.6
3927,Álvarez y Canales,0.0,1667.25,-1667.25
4084,Empresa Bueno,0.0,1667.45,-1667.45
65,Briones y Muñiz SA,0.0,1668.84,-1668.84
4295,Gestora Pérez S. de H.,2233.39,3904.67,-1671.28
815,Global Benítez e Hijos,0.0,1672.72,-1672.72
1493,Huerta de Quiñones SA,0.0,1676.27,-1676.27
1800,"Ruíz, Rangel y Crespo SA",0.0,1676.76,-1676.76
562,Asociación Navarrete e Hijo,238.78,1917.4,-1678.62
4481,"Ledesma, Dueñas y Álvarez y Flia.",30.29,1710.67,-1680.38
1008,Calvillo y Caro,0.0,1683.82,-1683.82
3254,Gallardo de Zelaya e Hijo,0.0,1685.68,-1685.68
4667,Montemayor y Laureano,0.0,1685.76,-1685.76
1037,Ponce de Carrero,0.0,1689.39,-1689.39
2018,Centro Otero-Heredia,0.0,1689.85,-1689.85
3551,"Lomeli, Maestas y Delao SRL",0.0,1690.31,-1690.31
2073,Galindo-Amaya e Hija,640.56,2334.4,-1693.84
229,Air Mendoza,1506.46,3202.81,-1696.35
4052,Viajes Cavazos y Asoc.,0.0,1701.03,-1701.03
4909,Gestora Márquez-Valencia,0.0,1701.06,-1701.06
3776,Rico de Loya e Hijo,738.26,2439.93,-1701.67
1582,"Piña, Véliz y Banda e Hijo",0.0,1702.58,-1702.58
3047,"Estévez, Andreu y Orta S. de H.",0.0,1710.59,-1710.59
3374,"Centeno, Zamudio y Cerda e Hija",1474.73,3186.9,-1712.17
2613,Montez y Cruz e Hija,0.0,1712.42,-1712.42
4902,Global Salazar e Hijo,0.0,1713.03,-1713.03
2465,Calero de Osorio,0.0,1713.34,-1713.34
258,Asociación Arroyo,0.0,1719.53,-1719.53
792,Air Angulo-Duarte,0.0,1720.36,-1720.36
3763,Ordoñez y Anaya e Hija,0.0,1721.56,-1721.56
4148,Gestora Solorzano,0.0,1722.29,-1722.29
301,Más y Duarte,696.15,2421.62,-1725.47
4496,Corporación Meléndez-Olivera,0.0,1728.06,-1728.06
1654,Velasco y Vila e Hijo,0.0,1728.77,-1728.77
725,Viajes Escamilla SA,0.0,1729.04,-1729.04
4383,Lorente de Urbina e Hijo,0.0,1732.62,-1732.62
399,Benítez y Sáez e Hija,0.0,1732.86,-1732.86
683,"Nieves, Mares y Izquierdo y Flia.",187.46,1920.79,-1733.33
447,Centro Quiroz-Asensio,0.0,1735.52,-1735.52
4164,Cabán-Oquendo SRL,0.0,1735.59,-1735.59
3802,Centro Soriano-Polo,0.0,1739.21,-1739.21
1472,"Atencio, Perales y Lomeli e Hijo",0.0,1743.79,-1743.79
2371,Requena y Díaz,0.0,1747.17,-1747.17
493,Aguayo y Lorente y Flia.,0.0,1751.78,-1751.78
3542,Benito-Piñeiro e Hijos,718.39,2472.8,-1754.41
3326,Aguilar de Morales,0.0,1754.97,-1754.97
465,Casado-Mateo SA,993.9,2749.81,-1755.91
4834,Empresa Leal,0.0,1756.52,-1756.52
960,Gestora Arellano,0.0,1757.67,-1757.67
3431,Grupo Polo S. de H.,0.0,1763.27,-1763.27
614,Arreola de Estrada,0.0,1763.29,-1763.29
818,Asociación Giménez,0.0,1766.56,-1766.56
3422,Viajes Santos-Galarza,0.0,1770.98,-1770.98
4647,Camacho y Otero S. de H.,0.0,1771.12,-1771.12
1438,Tejeda y Morán y Asoc.,0.0,1772.54,-1772.54
237,Grupo Ros e Hijos,647.12,2419.9,-1772.78
2081,"Ruvalcaba, Zarate y Pagan SA",64.03,1840.59,-1776.56
524,Centro Zaragoza-Quintero,0.0,1776.59,-1776.59
1650,Olivo-Avilés,189.12,1971.24,-1782.12
4724,Chapa y Casillas S. de H.,0.0,1783.32,-1783.32
2278,Burgos-Arreola e Hijo,0.0,1784.07,-1784.07
2911,Herrero de Guillen,0.0,1785.32,-1785.32
1413,Grupo Lomeli-Espinoza,0.0,1786.52,-1786.52
3526,Razo y Altamirano y Asoc.,0.0,1788.05,-1788.05
3814,Páez y Cortez,0.0,1791.59,-1791.59
384,Lerma-Tórrez e Hijos,0.0,1794.58,-1794.58
1104,Gestora Cárdenas,41.36,1838.93,-1797.57
1915,Alonzo de Botello e Hijos,0.0,1799.27,-1799.27
752,"Curiel, Muro y Vásquez e Hija",0.0,1800.02,-1800.02
521,"Santillán, Espinal y Conde e Hijos",0.0,1804.91,-1804.91
2130,"Cobo, Amador y Macías e Hija",0.0,1810.52,-1810.52
569,Casanova-Garica,26.83,1844.09,-1817.26
1882,Vázquez-Melgar e Hija,100.81,1921.14,-1820.33
4099,Segura-Escamilla S. de H.,0.0,1822.45,-1822.45
4125,"Garrido, Castro y Frías e Hijos",0.0,1822.68,-1822.68
4311,Viajes Quintero-Zelaya,0.0,1823.34,-1823.34
775,Bahena de Sosa SRL,0.0,1831.14,-1831.14
3304,Ávila-Vidal,0.0,1831.57,-1831.57
2796,Air Magaña-Luevano,61.44,1893.77,-1832.33
707,Candelaria y Pardo,0.0,1833.59,-1833.59
653,Viajes Barroso,1527.93,3363.01,-1835.08
550,Pacheco de Asensio y Asoc.,0.0,1837.94,-1837.94
1432,Corporación Pantoja-Cisneros,0.0,1839.19,-1839.19
553,Global Arellano,0.0,1839.28,-1839.28
1628,Betancourt de Zúñiga,0.0,1842.12,-1842.12
580,Llamas y Zúñiga y Asoc.,0.0,1842.65,-1842.65
1417,Urías de Alfonso,0.0,1844.67,-1844.67
2190,Empresa Montemayor,0.0,1845.76,-1845.76
3038,Caro de Saiz S. de H.,0.0,1847.12,-1847.12
4791,"Uribe, Lomeli y Perea SA",0.0,1848.61,-1848.61
932,Empresa Duran,342.91,2194.77,-1851.86
525,Meza y Campos,0.0,1852.25,-1852.25
4333,Empresa Osorio,0.0,1854.43,-1854.43
7,Empresa Asensio,0.0,1856.76,-1856.76
2463,Quiñones y Manzanares e Hijos,1118.55,2976.21,-1857.66
1238,Luis y Estévez,0.0,1860.85,-1860.85
2935,Empresa Palomino,0.0,1863.4,-1863.4
1177,"Millán, Miguel y Mateo e Hijos",0.0,1864.52,-1864.52
2535,Centro Ayala e Hija,0.0,1864.87,-1864.87
1255,Viajes Soto y Flia.,0.0,1865.04,-1865.04
1451,Estrada de Piña SA,0.0,1867.62,-1867.62
2627,Asociación Serrato,1651.77,3521.94,-1870.17
805,Empresa Cantú,0.0,1871.26,-1871.26
2828,Gurule-Godoy SA,0.0,1871.56,-1871.56
923,Aponte y Escamilla,0.0,1873.63,-1873.63
3342,Grupo Ulloa,1063.93,2942.14,-1878.21
3836,Dueñas de Saldaña,0.0,1879.88,-1879.88
125,Corporación Santana,0.0,1881.39,-1881.39
2092,Camacho y Peña e Hijos,0.0,1886.21,-1886.21
4374,Tafoya-Villa,583.95,2470.74,-1886.79
308,Cardona y Carvajal,0.0,1887.1,-1887.1
3684,Flórez-Barreto,0.0,1894.46,-1894.46
1716,Melgar-Malave,0.0,1900.31,-1900.31
3845,Valladares de Lorenzo,0.0,1903.89,-1903.89
4275,Orozco de Bermúdez y Asoc.,0.0,1904.89,-1904.89
4782,Blázquez y Lorenzo,0.0,1906.49,-1906.49
3397,Gestora Sosa-Tórrez,0.0,1906.89,-1906.89
4945,Grupo Crespo e Hijos,0.0,1907.09,-1907.09
2594,Gaona de Redondo,0.0,1911.01,-1911.01
3484,Cuenca y Piña,0.0,1911.12,-1911.12
581,"Muñoz, Cuenca y Delarosa SRL",0.0,1913.15,-1913.15
3917,Cuesta-Rael SA,0.0,1915.8,-1915.8
3467,"Rivera, Arellano y Barragán e Hijo",0.0,1916.81,-1916.81
160,Alicea-Jimínez,0.0,1916.88,-1916.88
3463,Palacios-Chavarría SRL,0.0,1918.39,-1918.39
1956,Grupo Maya-Balderas,0.0,1920.42,-1920.42
1627,Global Escalante,0.0,1921.87,-1921.87
492,Montaño y Cazares,0.0,1923.41,-1923.41
613,Ortega de Yáñez S. de H.,428.24,2351.99,-1923.75
2175,Global Munguía-Prado,0.0,1924.76,-1924.76
3846,Roig y Rojo,0.0,1925.34,-1925.34
4307,Empresa Vargas e Hijo,0.0,1927.92,-1927.92
1548,Grupo Leyva-Esteban,0.0,1928.82,-1928.82
2071,Global Gamboa,476.66,2406.38,-1929.72
3027,Air Lara-Burgos,0.0,1930.24,-1930.24
3134,Corporación Alaniz-Cárdenas,0.0,1932.33,-1932.33
3541,Corporación Saldaña SRL,409.02,2346.54,-1937.52
4573,Global Rentería SA,0.0,1938.03,-1938.03
717,Cabello-Canales,644.32,2582.39,-1938.07
3499,Asociación Tijerina,0.0,1939.72,-1939.72
488,Román-Véliz,0.0,1942.73,-1942.73
3522,Villarreal-Roldán e Hija,0.0,1943.84,-1943.84
2482,Maestas de Becerra,0.0,1944.0,-1944.0
2263,Centro Balderas-Partida,0.0,1945.66,-1945.66
1251,Centro Tejada-Baeza,0.0,1954.45,-1954.45
3075,García de Quintana SA,0.0,1957.01,-1957.01
283,Vela-Luque y Flia.,0.0,1960.31,-1960.31
1272,Jasso de Cervantes,0.0,1960.61,-1960.61
2483,Hernándes-Barraza,0.0,1961.01,-1961.01
2462,Lozano y Urbina,0.0,1964.42,-1964.42
971,Solorio-Benito SRL,0.0,1964.56,-1964.56
1551,Calderón y Roque SA,591.38,2558.2,-1966.82
1341,Global Ulloa e Hijos,0.0,1967.15,-1967.15
4034,"Trejo, Escribano y Román y Flia.",1303.38,3275.48,-1972.1
2340,"Escribano, Barela y Romo y Flia.",0.0,1972.24,-1972.24
3161,Ureña-Heredia e Hijo,0.0,1973.42,-1973.42
2599,"Mata, Sandoval y Nieto e Hijos",1775.64,3752.36,-1976.72
4267,Empresa Montes-Murillo,0.0,1977.83,-1977.83
2150,"Escobedo, Guardado y Campos SA",0.0,1980.47,-1980.47
4126,Barroso y Alonzo y Flia.,0.0,1983.72,-1983.72
2382,Valencia de Merino,0.0,1992.86,-1992.86
1220,Castellano-Pulido e Hijos,0.0,1993.27,-1993.27
3988,Aguilar de Patiño,1247.6,3245.45,-1997.85
4615,Grupo Beltrán y Asoc.,1864.74,3867.77,-2003.03
4725,Barragán de Delgadillo,0.0,2010.95,-2010.95
2681,Solorio-Berríos,0.0,2011.67,-2011.67
2085,De la Torre y Nava e Hijo,1833.01,3852.03,-2019.02
3556,Grupo Guevara SA,0.0,2019.1,-2019.1
794,"Otero, Simón y Arenas e Hijos",0.0,2029.08,-2029.08
2154,Reina y Merino SA,0.0,2030.27,-2030.27
3306,Grupo Jaime-Cavazos,0.0,2034.01,-2034.01
1904,Bravo de Aragón,350.85,2385.98,-2035.13
4645,Tejeda y Navas S. de H.,0.0,2053.72,-2053.72
1006,Salinas-Nazario,0.0,2064.08,-2064.08
1247,Carvajal y Mena S. de H.,0.0,2072.64,-2072.64
4871,Zamora de Barragán y Flia.,0.0,2078.86,-2078.86
617,Alcántar-Rubio,0.0,2104.26,-2104.26
938,"Esquibel, Hernández y Borrego e Hijo",182.85,2294.77,-2111.92
2949,Hurtado y Partida,667.21,2783.3,-2116.09
2440,Lozada-Borrego y Flia.,723.79,2840.36,-2116.57
4739,Leyva y Martí,0.0,2119.62,-2119.62
2962,Sánchez de Páez,0.0,2119.78,-2119.78
137,Ocasio de Salinas e Hijos,764.57,2889.78,-2125.21
546,Padrón de Rico,567.43,2706.01,-2138.58
1205,Carrera y Jurado,503.79,2644.29,-2140.5
316,Centro Vázquez,0.0,2142.08,-2142.08
1021,Cabrera-Linares,906.71,3055.61,-2148.9
145,Páez-Meza,952.44,3111.0,-2158.56
4627,Asociación Aranda e Hijos,964.7,3125.01,-2160.31
3332,Grupo Guardado-Ruiz,0.0,2167.86,-2167.86
4821,Roldán de Mondragón,0.0,2171.55,-2171.55
1337,Caro de Salazar S. de H.,754.83,2931.91,-2177.08
1459,Palomo y Pizarro,0.0,2177.14,-2177.14
1530,"Sandoval, Rivero y De la Torre e Hija",325.82,2503.62,-2177.8
1931,Costa y Cabán,0.0,2178.41,-2178.41
3992,Carranza-Iglesias,0.0,2189.21,-2189.21
355,Global Farías SA,697.08,2899.24,-2202.16
3659,Rendón-Adorno S. de H.,781.37,2985.53,-2204.16
4792,Empresa Valle-Delarosa,2499.75,4719.46,-2219.71
2098,Empresa Zavala S. de H.,328.41,2556.87,-2228.46
2605,"Expósito, Esquivel y Lebrón e Hijo",0.0,2228.81,-2228.81
2841,Centro González y Flia.,0.0,2231.05,-2231.05
3589,Mesa de Gallego,0.0,2236.02,-2236.02
464,Granado y Bermejo e Hijos,115.23,2354.08,-2238.85
695,Centro Briones e Hijos,0.0,2257.37,-2257.37
2195,"Olvera, Candelaria y Delarosa e Hijos",0.0,2260.98,-2260.98
3338,Air Marín-Arce,354.49,2619.12,-2264.63
4424,Grupo Amaya-Montero,0.0,2268.43,-2268.43
30,Solano-Valverde,0.0,2289.76,-2289.76
3131,Sepúlveda de Tejeda,183.83,2474.5,-2290.67
2269,Viajes Escudero-Cortés,0.0,2295.9,-2295.9
3166,Cotto-Cuenca e Hija,1016.47,3314.43,-2297.96
2883,Ordóñez-Deleón S. de H.,1307.76,3607.11,-2299.35
1415,Palomino y Rolón SA,0.0,2313.69,-2313.69
1390,Gómez de Girón S. de H.,2181.72,4498.99,-2317.27
3298,Laureano y Campos,0.0,2320.67,-2320.67
3690,Briseño y Escobedo e Hijo,0.0,2355.3,-2355.3
2432,Juan de Montañez,265.78,2623.29,-2357.51
1769,Henríquez-Barajas y Asoc.,0.0,2360.28,-2360.28
2164,Toledo y Nieto y Asoc.,0.0,2365.69,-2365.69
2144,Henríquez y Villar,1146.12,3513.45,-2367.33
4337,Air Olmos-Cuevas,0.0,2367.99,-2367.99
4830,Aguilar de Varela y Asoc.,161.29,2535.07,-2373.78
2346,Meléndez y Reséndez,662.56,3036.36,-2373.8
3305,Global Urrutia,1238.02,3613.59,-2375.57
452,"Villagómez, Díez y Ledesma S. de H.",2299.08,4676.74,-2377.66
4539,Marcos de Rodríguez,0.0,2380.36,-2380.36
1720,Godoy y Carrión,0.0,2389.13,-2389.13
4220,Centro Villanueva,0.0,2399.8,-2399.8
2672,Bueno-Lemus y Asoc.,743.48,3145.98,-2402.5
2606,Empresa Botello S. de H.,766.38,3168.91,-2402.53
298,Barragán y Serrato,0.0,2413.39,-2413.39
1537,Navarrete y Urías,0.0,2415.12,-2415.12
2454,Centro Cabrera,0.0,2416.03,-2416.03
727,Espinoza de Ortega,0.0,2419.58,-2419.58
1926,Alcántar y Rubio,0.0,2420.36,-2420.36
4964,Grupo Arenas,202.19,2623.62,-2421.43
416,Global Ibáñez S. de H.,1782.89,4219.05,-2436.16
4192,Centro Carbajal-Beltrán,0.0,2444.98,-2444.98
2094,Porras y Lucio,0.0,2456.5,-2456.5
2400,Viajes Barraza-Trujillo,0.0,2463.89,-2463.89
4037,"Gastélum, Carretero y Loera y Flia.",514.6,2979.35,-2464.75
1217,Jurado-Curiel S. de H.,0.0,2472.7,-2472.7
1797,Meléndez y Fierro e Hijos,0.0,2486.56,-2486.56
2835,Soler de Rueda S. de H.,347.75,2839.22,-2491.47
3296,Haro y Rosales e Hijo,592.65,3090.69,-2498.04
2762,Sandoval-Sáenz,0.0,2508.08,-2508.08
588,Romero-Salgado,0.0,2513.16,-2513.16
3560,Camarillo-Téllez e Hijo,0.0,2526.43,-2526.43
2673,Coronado y Quiñones,0.0,2526.82,-2526.82
4371,Empresa Lira y Flia.,0.0,2542.91,-2542.91
2332,Asociación Moral,0.0,2558.39,-2558.39
162,Viajes Lira-Pons,0.0,2567.6,-2567.6
4568,Zapata-Vásquez S. de H.,604.37,3178.29,-2573.92
118,Aguilera-Alfaro,0.0,2577.68,-2577.68
4923,Soriano-Flores,0.0,2597.82,-2597.82
2014,Arias de Núñez e Hijo,272.33,2873.06,-2600.73
2303,Blanco de Ruiz,0.0,2606.08,-2606.08
1142,"Collado, Bravo y Robledo e Hijos",709.06,3317.09,-2608.03
2620,"Maldonado, Calvillo y Nava e Hijo",417.93,3026.96,-2609.03
4618,Alva-Girón,0.0,2618.47,-2618.47
994,"Orta, Cobo y Negrón SRL",0.0,2622.67,-2622.67
3834,Corrales y Gonzáles y Flia.,492.02,3117.06,-2625.04
693,Vanegas y Hernándes,0.0,2637.31,-2637.31
1281,Barraza de Olmos,1103.57,3758.67,-2655.1
3336,Pons de Aguayo,994.49,3659.62,-2665.13
1489,Cavazos y Coronado S. de H.,435.92,3107.33,-2671.41
4457,Grupo Benavides e Hija,0.0,2671.99,-2671.99
2451,Lemus-Delgadillo SA,488.7,3168.26,-2679.56
1398,Puente y Pichardo e Hijo,479.23,3169.73,-2690.5
2128,Dueñas de Mena,1403.19,4094.76,-2691.57
3885,Valdés y Ceballos,717.84,3411.48,-2693.64
3800,Matías-Luna,831.68,3526.66,-2694.98
886,Castillo y Morales,0.0,2705.49,-2705.49
4347,Puente y Ramos y Flia.,0.0,2712.21,-2712.21
207,Rivas de Quesada,28.38,2761.96,-2733.58
2906,"Ávila, Viera y Arriaga S. de H.",0.0,2749.94,-2749.94
2069,Viajes Reyes y Asoc.,773.15,3533.81,-2760.66
430,Carballo de Brito,551.18,3315.83,-2764.65
2152,Air Sandoval e Hija,154.21,2926.29,-2772.08
3954,Leyva de Gimeno,0.0,2777.05,-2777.05
4258,Aranda-Cruz,0.0,2779.7,-2779.7
3466,Carretero y Vidal,0.0,2786.99,-2786.99
950,Barrera-Castillo SA,0.0,2789.02,-2789.02
4800,Global Rodarte-Arteaga,0.0,2798.85,-2798.85
3592,Asociación Carranza,0.0,2799.64,-2799.64
154,Rodríquez de Tijerina SRL,0.0,2810.04,-2810.04
267,Air Banda,0.0,2820.49,-2820.49
2850,Global Polanco,512.17,3342.12,-2829.95
27,Garica de Villareal,463.45,3302.1,-2838.65
3816,"Banda, Gurule y Pozo S. de H.",0.0,2851.72,-2851.72
4738,Grupo Perea-Segovia,0.0,2860.45,-2860.45
776,Gálvez-Gallardo y Flia.,662.57,3523.37,-2860.8
4903,"Vallejo, Arribas y Lozano e Hijos",0.0,2860.82,-2860.82
972,Fierro y Galarza e Hijos,1229.83,4107.1,-2877.27
4261,Regalado-Caro,0.0,2893.16,-2893.16
2242,Global Zúñiga e Hijos,62.79,2966.81,-2904.02
633,Matías de Cortés SRL,0.0,2910.91,-2910.91
1280,Corporación Melgar-Brito,0.0,2947.52,-2947.52
963,Arreola de Galán e Hija,0.0,2949.92,-2949.92
2299,Cárdenas-Verduzco y Asoc.,277.72,3230.73,-2953.01
1782,Empresa Carrasquillo y Flia.,0.0,2962.64,-2962.64
3534,"Zavala, Varela y Barreto y Asoc.",0.0,2964.49,-2964.49
1503,Corrales de Toledo,0.0,2965.99,-2965.99
479,Serna y Lucas,0.0,2986.47,-2986.47
518,Leiva y Parra e Hijo,0.0,2992.04,-2992.04
4305,Asociación Perales S. de H.,0.0,3001.28,-3001.28
3852,Pineda y Briseño e Hijo,0.0,3009.14,-3009.14
1596,Carrión y Carrillo e Hija,572.56,3584.08,-3011.52
201,Viajes Abad e Hija,0.0,3018.52,-3018.52
1583,Corporación Verduzco e Hijos,0.0,3023.74,-3023.74
1254,Olivas y Farías,269.2,3314.28,-3045.08
4265,Carrión de Ulloa,0.0,3088.22,-3088.22
834,Pérez de Beltrán S. de H.,0.0,3094.17,-3094.17
2720,Yáñez y Fuentes,0.0,3108.12,-3108.12
336,Centro Molina SA,0.0,3114.23,-3114.23
3281,Saiz y Armenta e Hijos,0.0,3116.6,-3116.6
3905,Aranda de Lucas y Flia.,152.34,3283.08,-3130.74
1970,Viajes Vila-Puente,0.0,3146.61,-3146.61
2467,Nazario-Patiño SA,0.0,3171.99,-3171.99
1267,Grupo Mares y Asoc.,0.0,3186.35,-3186.35
4118,Empresa Sánchez-Salas,0.0,3187.32,-3187.32
4173,Correa-Vela e Hijos,0.0,3206.95,-3206.95
103,Pagan-Quintero SA,0.0,3213.0,-3213.0
3587,"Paredes, Acevedo y Castillo SA",332.94,3555.35,-3222.41
3274,Carrasquillo-Barreto y Asoc.,317.32,3563.04,-3245.72
1924,Escalante-Enríquez e Hijos,0.0,3285.42,-3285.42
1222,Balderas de Polo,0.0,3289.48,-3289.48
1311,Asociación Rodríguez SA,0.0,3294.65,-3294.65
2975,Centro Godoy,367.58,3668.97,-3301.39
2416,Domínguez y Villaseñor S. de H.,1633.85,4941.95,-3308.1
1473,Alvarado de Castañeda,0.0,3314.19,-3314.19
2952,"Sáez, Yáñez y Martí e Hijo",141.64,3528.48,-3386.84
2992,Blasco-Montero y Flia.,0.0,3405.21,-3405.21
2250,Asociación Esquivel S. de H.,135.32,3581.09,-3445.77
4562,Vallejo y Barraza SA,0.0,3473.38,-3473.38
1366,Bañuelos y Perales,0.0,3502.1,-3502.1
2859,Gestora Rosas SA,0.0,3503.62,-3503.62
3523,Zapata-Aguirre,0.0,3526.89,-3526.89
3774,Pascual y Garza,64.51,3615.47,-3550.96
378,Sola-Cardona,0.0,3596.36,-3596.36
1873,"Soto, Ramírez y Verdugo e Hija",0.0,3624.12,-3624.12
2123,Valdez de Silva,0.0,3661.48,-3661.48
4222,Sanabria de Rael SRL,0.0,3669.47,-3669.47
4540,Gestora Figueroa,0.0,3719.75,-3719.75
1119,Espinosa y Girón,0.0,3721.95,-3721.95
204,"Esquivel, Carrión y Bermejo e Hijo",2153.6,5916.67,-3763.07
1528,Medina y Haro e Hijos,0.0,3797.12,-3797.12
324,Salcedo y Pabón e Hijo,0.0,3833.37,-3833.37
1620,Air Razo,0.0,3847.82,-3847.82
3494,Luján-Ozuna y Flia.,0.0,3869.86,-3869.86
325,Barrios-Chacón,1245.61,5202.33,-3956.72
4107,Empresa Garibay e Hija,1694.79,5684.35,-3989.56
2167,Solano de Laboy,0.0,3999.76,-3999.76
4293,Marrero y Corona,92.92,4106.88,-4013.96
4479,Orosco-Trejo,838.14,4859.66,-4021.52
4670,Duran y Ochoa,0.0,4101.57,-4101.57
4629,"Yáñez, Mireles y Leiva e Hija",578.72,4692.0,-4113.28
1296,Salgado de Andreu e Hija,696.76,4905.18,-4208.42
2423,Corporación Rivera SA,771.44,4981.42,-4209.98
3268,"Santillán, Gaona y Aponte SRL",0.0,4338.89,-4338.89
2585,Asociación Palomino y Flia.,0.0,4405.08,-4405.08
4908,Centro Soler-Rentería,0.0,4425.51,-4425.51
376,"Olvera, Velasco y Rodríguez e Hijos",303.64,4813.99,-4510.35
3543,Grupo Grijalva-Crespo,0.0,4550.27,-4550.27
4201,Orta-Rael y Asoc.,0.0,4567.63,-4567.63
3179,Ibáñez y Olivo SRL,0.0,4721.86,-4721.86
1866,Armendáriz de Sánchez,0.0,5497.24,-5497.24
3200,Empresa Salcedo-Gálvez,0.0,6087.44,-6087.44
